Impact,Lithium scenario,Year,Country,Variation,Intensity var
Climate change,S&P-Baseline,2020,AR,-50.0,-17.808270341949623
Climate change,S&P-Baseline,2020,AR,-40.0,-14.246615557661205
Climate change,S&P-Baseline,2020,AR,-30.0,-10.68496077337279
Climate change,S&P-Baseline,2020,AR,-19.999999999999996,-7.123305989084374
Climate change,S&P-Baseline,2020,AR,-9.999999999999998,-3.561651204795957
Climate change,S&P-Baseline,2020,AR,0.0,3.5794924431246786e-06
Climate change,S&P-Baseline,2020,AR,10.000000000000009,3.5616583637808765
Climate change,S&P-Baseline,2020,AR,20.000000000000007,7.123313148069292
Climate change,S&P-Baseline,2020,AR,30.000000000000004,10.68496793235771
Climate change,S&P-Baseline,2020,AR,40.0,14.246622716646144
Climate change,S&P-Baseline,2020,AR,50.0,17.808277500934558
Climate change,S&P-Baseline,2020,CL,-50.0,-10.83519984910252
Climate change,S&P-Baseline,2020,CL,-40.0,-8.668159163383523
Climate change,S&P-Baseline,2020,CL,-30.0,-6.501118477664527
Climate change,S&P-Baseline,2020,CL,-19.999999999999996,-4.334077791945531
Climate change,S&P-Baseline,2020,CL,-9.999999999999998,-2.167037106226536
Climate change,S&P-Baseline,2020,CL,0.0,3.5794924431246786e-06
Climate change,S&P-Baseline,2020,CL,10.000000000000009,2.1670442652114557
Climate change,S&P-Baseline,2020,CL,20.000000000000007,4.334084950930435
Climate change,S&P-Baseline,2020,CL,30.000000000000004,6.50112563664943
Climate change,S&P-Baseline,2020,CL,40.0,8.668166322368426
Climate change,S&P-Baseline,2020,CL,50.0,10.835207008087423
Climate change,S&P-Baseline,2020,CN,-50.0,-20.614599728678037
Climate change,S&P-Baseline,2020,CN,-40.0,-16.491679067043936
Climate change,S&P-Baseline,2020,CN,-30.0,-12.368758405409839
Climate change,S&P-Baseline,2020,CN,-19.999999999999996,-8.245837743775738
Climate change,S&P-Baseline,2020,CN,-9.999999999999998,-4.122917082141656
Climate change,S&P-Baseline,2020,CN,0.0,3.5794924431246786e-06
Climate change,S&P-Baseline,2020,CN,10.000000000000009,4.122924241126559
Climate change,S&P-Baseline,2020,CN,20.000000000000007,8.245844902760659
Climate change,S&P-Baseline,2020,CN,30.000000000000004,12.368765564394742
Climate change,S&P-Baseline,2020,CN,40.0,16.491686226028822
Climate change,S&P-Baseline,2020,CN,50.0,20.61460688766294
Climate change,S&P-Baseline,2020,US,-50.0,-0.7419175520462372
Climate change,S&P-Baseline,2020,US,-40.0,-0.5935333257385011
Climate change,S&P-Baseline,2020,US,-30.0,-0.4451490994307651
Climate change,S&P-Baseline,2020,US,-19.999999999999996,-0.296764873123029
Climate change,S&P-Baseline,2020,US,-9.999999999999998,-0.14838064681529295
Climate change,S&P-Baseline,2020,US,0.0,3.5794924431246786e-06
Climate change,S&P-Baseline,2020,US,10.000000000000009,0.14838780580019587
Climate change,S&P-Baseline,2020,US,20.000000000000007,0.29677203210793196
Climate change,S&P-Baseline,2020,US,30.000000000000004,0.44515625841568474
Climate change,S&P-Baseline,2020,US,40.0,0.5935404847234207
Climate change,S&P-Baseline,2020,US,50.0,0.7419247110311569
Climate change,S&P-Baseline,2025,AR,-50.0,-16.184727621072785
Climate change,S&P-Baseline,2025,AR,-40.0,-12.947782121644652
Climate change,S&P-Baseline,2025,AR,-30.0,-9.710836622216537
Climate change,S&P-Baseline,2025,AR,-19.999999999999996,-6.473891122788385
Climate change,S&P-Baseline,2025,AR,-9.999999999999998,-3.2369456233602523
Climate change,S&P-Baseline,2025,AR,0.0,-1.239321199296025e-07
Climate change,S&P-Baseline,2025,AR,10.000000000000009,3.236945375496013
Climate change,S&P-Baseline,2025,AR,20.000000000000007,6.4738908749241455
Climate change,S&P-Baseline,2025,AR,30.000000000000004,9.71083637435228
Climate change,S&P-Baseline,2025,AR,40.0,12.947781873780412
Climate change,S&P-Baseline,2025,AR,50.0,16.184727373208542
Climate change,S&P-Baseline,2025,CL,-50.0,-9.740811644197914
Climate change,S&P-Baseline,2025,CL,-40.0,-7.7926493401447585
Climate change,S&P-Baseline,2025,CL,-30.0,-5.84448703609162
Climate change,S&P-Baseline,2025,CL,-19.999999999999996,-3.89632473203843
Climate change,S&P-Baseline,2025,CL,-9.999999999999998,-1.948162427985293
Climate change,S&P-Baseline,2025,CL,0.0,-1.239321199296025e-07
Climate change,S&P-Baseline,2025,CL,10.000000000000009,1.9481621801210176
Climate change,S&P-Baseline,2025,CL,20.000000000000007,3.89632448417419
Climate change,S&P-Baseline,2025,CL,30.000000000000004,5.8444867882273455
Climate change,S&P-Baseline,2025,CL,40.0,7.7926490922805
Climate change,S&P-Baseline,2025,CL,50.0,9.740811396333637
Climate change,S&P-Baseline,2025,CN,-50.0,-23.945601487912835
Climate change,S&P-Baseline,2025,CN,-40.0,-19.1564812151167
Climate change,S&P-Baseline,2025,CN,-30.0,-14.367360942320555
Climate change,S&P-Baseline,2025,CN,-19.999999999999996,-9.578240669524428
Climate change,S&P-Baseline,2025,CN,-9.999999999999998,-4.789120396728283
Climate change,S&P-Baseline,2025,CN,0.0,-1.239321199296025e-07
Climate change,S&P-Baseline,2025,CN,10.000000000000009,4.78912014886399
Climate change,S&P-Baseline,2025,CN,20.000000000000007,9.578240421660153
Climate change,S&P-Baseline,2025,CN,30.000000000000004,14.36736069445628
Climate change,S&P-Baseline,2025,CN,40.0,19.156480967252442
Climate change,S&P-Baseline,2025,CN,50.0,23.945601240048553
Climate change,S&P-Baseline,2025,US,-50.0,-0.12885968057889619
Climate change,S&P-Baseline,2025,US,-40.0,-0.10308776924954093
Climate change,S&P-Baseline,2025,US,-30.0,-0.07731585792020333
Climate change,S&P-Baseline,2025,US,-19.999999999999996,-0.05154394659083043
Climate change,S&P-Baseline,2025,US,-9.999999999999998,-0.02577203526147518
Climate change,S&P-Baseline,2025,US,0.0,-1.239321199296025e-07
Climate change,S&P-Baseline,2025,US,10.000000000000009,0.025771787397235322
Climate change,S&P-Baseline,2025,US,20.000000000000007,0.05154369872657292
Climate change,S&P-Baseline,2025,US,30.000000000000004,0.07731561005592819
Climate change,S&P-Baseline,2025,US,40.0,0.10308752138530107
Climate change,S&P-Baseline,2025,US,50.0,0.12885943271465633
Climate change,S&P-Baseline,2030,AR,-50.0,-21.051970776570585
Climate change,S&P-Baseline,2030,AR,-40.0,-16.841576527563006
Climate change,S&P-Baseline,2030,AR,-30.0,-12.631182278555448
Climate change,S&P-Baseline,2030,AR,-19.999999999999996,-8.420788029547872
Climate change,S&P-Baseline,2030,AR,-9.999999999999998,-4.2103937805403095
Climate change,S&P-Baseline,2030,AR,0.0,4.6846726700717596e-07
Climate change,S&P-Baseline,2030,AR,10.000000000000009,4.210394717474843
Climate change,S&P-Baseline,2030,AR,20.000000000000007,8.420788966482435
Climate change,S&P-Baseline,2030,AR,30.000000000000004,12.63118321548998
Climate change,S&P-Baseline,2030,AR,40.0,16.841577464497526
Climate change,S&P-Baseline,2030,AR,50.0,21.051971713505104
Climate change,S&P-Baseline,2030,CL,-50.0,-6.875213494379022
Climate change,S&P-Baseline,2030,CL,-40.0,-5.5001707018097425
Climate change,S&P-Baseline,2030,CL,-30.0,-4.1251279092405095
Climate change,S&P-Baseline,2030,CL,-19.999999999999996,-2.75008511667123
Climate change,S&P-Baseline,2030,CL,-9.999999999999998,-1.3750423241019967
Climate change,S&P-Baseline,2030,CL,0.0,4.6846726700717596e-07
Climate change,S&P-Baseline,2030,CL,10.000000000000009,1.3750432610365153
Climate change,S&P-Baseline,2030,CL,20.000000000000007,2.7500860536057794
Climate change,S&P-Baseline,2030,CL,30.000000000000004,4.125128846175027
Climate change,S&P-Baseline,2030,CL,40.0,5.500171638744292
Climate change,S&P-Baseline,2030,CL,50.0,6.875214431313539
Climate change,S&P-Baseline,2030,CN,-50.0,-21.999709511611268
Climate change,S&P-Baseline,2030,CN,-40.0,-17.59976751559556
Climate change,S&P-Baseline,2030,CN,-30.0,-13.19982551957987
Climate change,S&P-Baseline,2030,CN,-19.999999999999996,-8.799883523564148
Climate change,S&P-Baseline,2030,CN,-9.999999999999998,-4.39994152754844
Climate change,S&P-Baseline,2030,CN,0.0,4.6846726700717596e-07
Climate change,S&P-Baseline,2030,CN,10.000000000000009,4.399942464482974
Climate change,S&P-Baseline,2030,CN,20.000000000000007,8.799884460498697
Climate change,S&P-Baseline,2030,CN,30.000000000000004,13.199826456514389
Climate change,S&P-Baseline,2030,CN,40.0,17.599768452530096
Climate change,S&P-Baseline,2030,CN,50.0,21.999710448545788
Climate change,S&P-Baseline,2030,US,-50.0,-0.07310457780371518
Climate change,S&P-Baseline,2030,US,-40.0,-0.05848356854950953
Climate change,S&P-Baseline,2030,US,-30.0,-0.04386255929530387
Climate change,S&P-Baseline,2030,US,-19.999999999999996,-0.02924155004111358
Climate change,S&P-Baseline,2030,US,-9.999999999999998,-0.014620540786923285
Climate change,S&P-Baseline,2030,US,0.0,4.6846726700717596e-07
Climate change,S&P-Baseline,2030,US,10.000000000000009,0.014621477721472662
Climate change,S&P-Baseline,2030,US,20.000000000000007,0.02924248697566295
Climate change,S&P-Baseline,2030,US,30.000000000000004,0.04386349622985324
Climate change,S&P-Baseline,2030,US,40.0,0.058484505484043534
Climate change,S&P-Baseline,2030,US,50.0,0.0731055147382492
Climate change,S&P-Baseline,2035,AR,-50.0,-27.43214125326133
Climate change,S&P-Baseline,2035,AR,-40.0,-21.945713202461285
Climate change,S&P-Baseline,2035,AR,-30.0,-16.459285151661238
Climate change,S&P-Baseline,2035,AR,-19.999999999999996,-10.97285710086119
Climate change,S&P-Baseline,2035,AR,-9.999999999999998,-5.486429050061143
Climate change,S&P-Baseline,2035,AR,0.0,-9.992611102442609e-07
Climate change,S&P-Baseline,2035,AR,10.000000000000009,5.486427051538937
Climate change,S&P-Baseline,2035,AR,20.000000000000007,10.972855102338984
Climate change,S&P-Baseline,2035,AR,30.000000000000004,16.459283153139033
Climate change,S&P-Baseline,2035,AR,40.0,21.945711203939062
Climate change,S&P-Baseline,2035,AR,50.0,27.432139254739123
Climate change,S&P-Baseline,2035,CL,-50.0,-5.323234947919763
Climate change,S&P-Baseline,2035,CL,-40.0,-4.258588158188033
Climate change,S&P-Baseline,2035,CL,-30.0,-3.1939413684562887
Climate change,S&P-Baseline,2035,CL,-19.999999999999996,-2.1292945787245716
Climate change,S&P-Baseline,2035,CL,-9.999999999999998,-1.0646477889928407
Climate change,S&P-Baseline,2035,CL,0.0,-9.992611102442609e-07
Climate change,S&P-Baseline,2035,CL,10.000000000000009,1.0646457904706204
Climate change,S&P-Baseline,2035,CL,20.000000000000007,2.129292580202351
Climate change,S&P-Baseline,2035,CL,30.000000000000004,3.193939369934082
Climate change,S&P-Baseline,2035,CL,40.0,4.258586159665812
Climate change,S&P-Baseline,2035,CL,50.0,5.323232949397557
Climate change,S&P-Baseline,2035,CN,-50.0,-17.15587923469922
Climate change,S&P-Baseline,2035,CN,-40.0,-13.724703587611604
Climate change,S&P-Baseline,2035,CN,-30.0,-10.293527940523981
Climate change,S&P-Baseline,2035,CN,-19.999999999999996,-6.8623522934363494
Climate change,S&P-Baseline,2035,CN,-9.999999999999998,-3.43117664634873
Climate change,S&P-Baseline,2035,CN,0.0,-9.992611102442609e-07
Climate change,S&P-Baseline,2035,CN,10.000000000000009,3.431174647826523
Climate change,S&P-Baseline,2035,CN,20.000000000000007,6.862350294914128
Climate change,S&P-Baseline,2035,CN,30.000000000000004,10.293525942001775
Climate change,S&P-Baseline,2035,CN,40.0,13.72470158908938
Climate change,S&P-Baseline,2035,CN,50.0,17.155877236177027
Climate change,S&P-Baseline,2035,US,-50.0,-0.08874806153356973
Climate change,S&P-Baseline,2035,US,-40.0,-0.07099864907907505
Climate change,S&P-Baseline,2035,US,-30.0,-0.053249236624580386
Climate change,S&P-Baseline,2035,US,-19.999999999999996,-0.035499824170085716
Climate change,S&P-Baseline,2035,US,-9.999999999999998,-0.017750411715591045
Climate change,S&P-Baseline,2035,US,0.0,-9.992611102442609e-07
Climate change,S&P-Baseline,2035,US,10.000000000000009,0.017748413193384424
Climate change,S&P-Baseline,2035,US,20.000000000000007,0.035497825647879094
Climate change,S&P-Baseline,2035,US,30.000000000000004,0.05324723810237376
Climate change,S&P-Baseline,2035,US,40.0,0.07099665055686843
Climate change,S&P-Baseline,2035,US,50.0,0.0887460630113631
Climate change,S&P-Ambitious,2020,AR,-50.0,-17.808270341949623
Climate change,S&P-Ambitious,2020,AR,-40.0,-14.246615557661205
Climate change,S&P-Ambitious,2020,AR,-30.0,-10.68496077337279
Climate change,S&P-Ambitious,2020,AR,-19.999999999999996,-7.123305989084374
Climate change,S&P-Ambitious,2020,AR,-9.999999999999998,-3.561651204795957
Climate change,S&P-Ambitious,2020,AR,0.0,3.5794924431246786e-06
Climate change,S&P-Ambitious,2020,AR,10.000000000000009,3.5616583637808765
Climate change,S&P-Ambitious,2020,AR,20.000000000000007,7.123313148069292
Climate change,S&P-Ambitious,2020,AR,30.000000000000004,10.68496793235771
Climate change,S&P-Ambitious,2020,AR,40.0,14.246622716646144
Climate change,S&P-Ambitious,2020,AR,50.0,17.808277500934558
Climate change,S&P-Ambitious,2020,CL,-50.0,-10.83519984910252
Climate change,S&P-Ambitious,2020,CL,-40.0,-8.668159163383523
Climate change,S&P-Ambitious,2020,CL,-30.0,-6.501118477664527
Climate change,S&P-Ambitious,2020,CL,-19.999999999999996,-4.334077791945531
Climate change,S&P-Ambitious,2020,CL,-9.999999999999998,-2.167037106226536
Climate change,S&P-Ambitious,2020,CL,0.0,3.5794924431246786e-06
Climate change,S&P-Ambitious,2020,CL,10.000000000000009,2.1670442652114557
Climate change,S&P-Ambitious,2020,CL,20.000000000000007,4.334084950930435
Climate change,S&P-Ambitious,2020,CL,30.000000000000004,6.50112563664943
Climate change,S&P-Ambitious,2020,CL,40.0,8.668166322368426
Climate change,S&P-Ambitious,2020,CL,50.0,10.835207008087423
Climate change,S&P-Ambitious,2020,CN,-50.0,-20.614599728678037
Climate change,S&P-Ambitious,2020,CN,-40.0,-16.491679067043936
Climate change,S&P-Ambitious,2020,CN,-30.0,-12.368758405409839
Climate change,S&P-Ambitious,2020,CN,-19.999999999999996,-8.245837743775738
Climate change,S&P-Ambitious,2020,CN,-9.999999999999998,-4.122917082141656
Climate change,S&P-Ambitious,2020,CN,0.0,3.5794924431246786e-06
Climate change,S&P-Ambitious,2020,CN,10.000000000000009,4.122924241126559
Climate change,S&P-Ambitious,2020,CN,20.000000000000007,8.245844902760659
Climate change,S&P-Ambitious,2020,CN,30.000000000000004,12.368765564394742
Climate change,S&P-Ambitious,2020,CN,40.0,16.491686226028822
Climate change,S&P-Ambitious,2020,CN,50.0,20.61460688766294
Climate change,S&P-Ambitious,2020,US,-50.0,-0.7419175520462372
Climate change,S&P-Ambitious,2020,US,-40.0,-0.5935333257385011
Climate change,S&P-Ambitious,2020,US,-30.0,-0.4451490994307651
Climate change,S&P-Ambitious,2020,US,-19.999999999999996,-0.296764873123029
Climate change,S&P-Ambitious,2020,US,-9.999999999999998,-0.14838064681529295
Climate change,S&P-Ambitious,2020,US,0.0,3.5794924431246786e-06
Climate change,S&P-Ambitious,2020,US,10.000000000000009,0.14838780580019587
Climate change,S&P-Ambitious,2020,US,20.000000000000007,0.29677203210793196
Climate change,S&P-Ambitious,2020,US,30.000000000000004,0.44515625841568474
Climate change,S&P-Ambitious,2020,US,40.0,0.5935404847234207
Climate change,S&P-Ambitious,2020,US,50.0,0.7419247110311569
Climate change,S&P-Ambitious,2025,AR,-50.0,-13.892857384962682
Climate change,S&P-Ambitious,2025,AR,-40.0,-11.114285835475993
Climate change,S&P-Ambitious,2025,AR,-30.0,-8.335714285989317
Climate change,S&P-Ambitious,2025,AR,-19.999999999999996,-5.557142736502616
Climate change,S&P-Ambitious,2025,AR,-9.999999999999998,-2.7785711870159284
Climate change,S&P-Ambitious,2025,AR,0.0,3.624707723124e-07
Climate change,S&P-Ambitious,2025,AR,10.000000000000009,2.7785719119574606
Climate change,S&P-Ambitious,2025,AR,20.000000000000007,5.557143461444161
Climate change,S&P-Ambitious,2025,AR,30.000000000000004,8.335715010930823
Climate change,S&P-Ambitious,2025,AR,40.0,11.114286560417524
Climate change,S&P-Ambitious,2025,AR,50.0,13.8928581099042
Climate change,S&P-Ambitious,2025,BO,-50.0,-0.9057096213231549
Climate change,S&P-Ambitious,2025,BO,-40.0,-0.724567624564362
Climate change,S&P-Ambitious,2025,BO,-30.0,-0.543425627805594
Climate change,S&P-Ambitious,2025,BO,-19.999999999999996,-0.36228363104678857
Climate change,S&P-Ambitious,2025,BO,-9.999999999999998,-0.1811416342880206
Climate change,S&P-Ambitious,2025,BO,0.0,3.624707723124e-07
Climate change,S&P-Ambitious,2025,BO,10.000000000000009,0.18114235922955274
Climate change,S&P-Ambitious,2025,BO,20.000000000000007,0.3622843559883332
Climate change,S&P-Ambitious,2025,BO,30.000000000000004,0.5434263527471261
Climate change,S&P-Ambitious,2025,BO,40.0,0.7245683495058941
Climate change,S&P-Ambitious,2025,BO,50.0,0.905710346264687
Climate change,S&P-Ambitious,2025,CL,-50.0,-5.432035643122474
Climate change,S&P-Ambitious,2025,CL,-40.0,-4.3456284420038305
Climate change,S&P-Ambitious,2025,CL,-30.0,-3.2592212408851733
Climate change,S&P-Ambitious,2025,CL,-19.999999999999996,-2.1728140397665285
Climate change,S&P-Ambitious,2025,CL,-9.999999999999998,-1.0864068386478845
Climate change,S&P-Ambitious,2025,CL,0.0,3.624707723124e-07
Climate change,S&P-Ambitious,2025,CL,10.000000000000009,1.0864075635894166
Climate change,S&P-Ambitious,2025,CL,20.000000000000007,2.172814764708073
Climate change,S&P-Ambitious,2025,CL,30.000000000000004,3.259221965826705
Climate change,S&P-Ambitious,2025,CL,40.0,4.345629166945362
Climate change,S&P-Ambitious,2025,CL,50.0,5.4320363680640185
Climate change,S&P-Ambitious,2025,CN,-50.0,-29.49229085807059
Climate change,S&P-Ambitious,2025,CN,-40.0,-23.593832613962316
Climate change,S&P-Ambitious,2025,CN,-30.0,-17.695374369854044
Climate change,S&P-Ambitious,2025,CN,-19.999999999999996,-11.79691612574576
Climate change,S&P-Ambitious,2025,CN,-9.999999999999998,-5.8984578816374995
Climate change,S&P-Ambitious,2025,CN,0.0,3.624707723124e-07
Climate change,S&P-Ambitious,2025,CN,10.000000000000009,5.898458606579057
Climate change,S&P-Ambitious,2025,CN,20.000000000000007,11.796916850687317
Climate change,S&P-Ambitious,2025,CN,30.000000000000004,17.69537509479559
Climate change,S&P-Ambitious,2025,CN,40.0,23.593833338903835
Climate change,S&P-Ambitious,2025,CN,50.0,29.492291583012136
Climate change,S&P-Ambitious,2025,US,-50.0,-0.2771048614026504
Climate change,S&P-Ambitious,2025,US,-40.0,-0.22168381662796838
Climate change,S&P-Ambitious,2025,US,-30.0,-0.16626277185328633
Climate change,S&P-Ambitious,2025,US,-19.999999999999996,-0.11084172707860426
Climate change,S&P-Ambitious,2025,US,-9.999999999999998,-0.05542068230392223
Climate change,S&P-Ambitious,2025,US,0.0,3.624707723124e-07
Climate change,S&P-Ambitious,2025,US,10.000000000000009,0.05542140724544186
Climate change,S&P-Ambitious,2025,US,20.000000000000007,0.11084245202012391
Climate change,S&P-Ambitious,2025,US,30.000000000000004,0.16626349679480595
Climate change,S&P-Ambitious,2025,US,40.0,0.22168454156948797
Climate change,S&P-Ambitious,2025,US,50.0,0.27710558634417004
Climate change,S&P-Ambitious,2030,AR,-50.0,-20.774016831101093
Climate change,S&P-Ambitious,2030,AR,-40.0,-16.61921312415163
Climate change,S&P-Ambitious,2030,AR,-30.0,-12.464409417202173
Climate change,S&P-Ambitious,2030,AR,-19.999999999999996,-8.309605710252725
Climate change,S&P-Ambitious,2030,AR,-9.999999999999998,-4.154802003303276
Climate change,S&P-Ambitious,2030,AR,0.0,1.7036461719730187e-06
Climate change,S&P-Ambitious,2030,AR,10.000000000000009,4.154805410595633
Climate change,S&P-Ambitious,2030,AR,20.000000000000007,8.309609117545106
Climate change,S&P-Ambitious,2030,AR,30.000000000000004,12.464412824494554
Climate change,S&P-Ambitious,2030,AR,40.0,16.619216531444003
Climate change,S&P-Ambitious,2030,AR,50.0,20.774020238393437
Climate change,S&P-Ambitious,2030,BO,-50.0,-2.965853289085982
Climate change,S&P-Ambitious,2030,BO,-40.0,-2.3726822905395535
Climate change,S&P-Ambitious,2030,BO,-30.0,-1.779511291993125
Climate change,S&P-Ambitious,2030,BO,-19.999999999999996,-1.1863402934466845
Climate change,S&P-Ambitious,2030,BO,-9.999999999999998,-0.5931692949002563
Climate change,S&P-Ambitious,2030,BO,0.0,1.7036461719730187e-06
Climate change,S&P-Ambitious,2030,BO,10.000000000000009,0.5931727021926002
Climate change,S&P-Ambitious,2030,BO,20.000000000000007,1.1863437007390283
Climate change,S&P-Ambitious,2030,BO,30.000000000000004,1.7795146992854567
Climate change,S&P-Ambitious,2030,BO,40.0,2.372685697831885
Climate change,S&P-Ambitious,2030,BO,50.0,2.9658566963783386
Climate change,S&P-Ambitious,2030,CL,-50.0,-4.118068872257003
Climate change,S&P-Ambitious,2030,CL,-40.0,-3.2944547570763447
Climate change,S&P-Ambitious,2030,CL,-30.0,-2.470840641895738
Climate change,S&P-Ambitious,2030,CL,-19.999999999999996,-1.647226526715093
Climate change,S&P-Ambitious,2030,CL,-9.999999999999998,-0.8236124115344604
Climate change,S&P-Ambitious,2030,CL,0.0,1.7036461719730187e-06
Climate change,S&P-Ambitious,2030,CL,10.000000000000009,0.8236158188268169
Climate change,S&P-Ambitious,2030,CL,20.000000000000007,1.6472299340074492
Climate change,S&P-Ambitious,2030,CL,30.000000000000004,2.4708440491880816
Climate change,S&P-Ambitious,2030,CL,40.0,3.2944581643687263
Climate change,S&P-Ambitious,2030,CL,50.0,4.1180722795493345
Climate change,S&P-Ambitious,2030,CN,-50.0,-20.700674011629356
Climate change,S&P-Ambitious,2030,CN,-40.0,-16.560538868574245
Climate change,S&P-Ambitious,2030,CN,-30.0,-12.420403725519142
Climate change,S&P-Ambitious,2030,CN,-19.999999999999996,-8.28026858246403
Climate change,S&P-Ambitious,2030,CN,-9.999999999999998,-4.140133439408941
Climate change,S&P-Ambitious,2030,CN,0.0,1.7036461719730187e-06
Climate change,S&P-Ambitious,2030,CN,10.000000000000009,4.140136846701273
Climate change,S&P-Ambitious,2030,CN,20.000000000000007,8.280271989756386
Climate change,S&P-Ambitious,2030,CN,30.000000000000004,12.420407132811487
Climate change,S&P-Ambitious,2030,CN,40.0,16.560542275866588
Climate change,S&P-Ambitious,2030,CN,50.0,20.700677418921714
Climate change,S&P-Ambitious,2030,DE,-50.0,-1.2774669068225482
Climate change,S&P-Ambitious,2030,DE,-40.0,-1.0219731847288092
Climate change,S&P-Ambitious,2030,DE,-30.0,-0.7664794626350702
Climate change,S&P-Ambitious,2030,DE,-19.999999999999996,-0.5109857405413186
Climate change,S&P-Ambitious,2030,DE,-9.999999999999998,-0.2554920184475796
Climate change,S&P-Ambitious,2030,DE,0.0,1.7036461719730187e-06
Climate change,S&P-Ambitious,2030,DE,10.000000000000009,0.2554954257398984
Climate change,S&P-Ambitious,2030,DE,20.000000000000007,0.51098914783365
Climate change,S&P-Ambitious,2030,DE,30.000000000000004,0.7664828699274016
Climate change,S&P-Ambitious,2030,DE,40.0,1.0219765920211406
Climate change,S&P-Ambitious,2030,DE,50.0,1.277470314114892
Climate change,S&P-Ambitious,2030,US,-50.0,-0.16391071905007598
Climate change,S&P-Ambitious,2030,US,-40.0,-0.1311282345108264
Climate change,S&P-Ambitious,2030,US,-30.0,-0.0983457499715768
Climate change,S&P-Ambitious,2030,US,-19.999999999999996,-0.06556326543232721
Climate change,S&P-Ambitious,2030,US,-9.999999999999998,-0.032780780893077614
Climate change,S&P-Ambitious,2030,US,0.0,1.7036461719730187e-06
Climate change,S&P-Ambitious,2030,US,10.000000000000009,0.03278418818542156
Climate change,S&P-Ambitious,2030,US,20.000000000000007,0.06556667272467115
Climate change,S&P-Ambitious,2030,US,30.000000000000004,0.09834915726392073
Climate change,S&P-Ambitious,2030,US,40.0,0.1311316418031829
Climate change,S&P-Ambitious,2030,US,50.0,0.16391412634241992
Climate change,S&P-Ambitious,2035,AR,-50.0,-23.18880437404022
Climate change,S&P-Ambitious,2035,AR,-40.0,-18.55104330661809
Climate change,S&P-Ambitious,2035,AR,-30.0,-13.913282239195931
Climate change,S&P-Ambitious,2035,AR,-19.999999999999996,-9.275521171773788
Climate change,S&P-Ambitious,2035,AR,-9.999999999999998,-4.6377601043516306
Climate change,S&P-Ambitious,2035,AR,0.0,9.63070526176113e-07
Climate change,S&P-Ambitious,2035,AR,10.000000000000009,4.6377620304926825
Climate change,S&P-Ambitious,2035,AR,20.000000000000007,9.275523097914826
Climate change,S&P-Ambitious,2035,AR,30.000000000000004,13.913284165336973
Climate change,S&P-Ambitious,2035,AR,40.0,18.551045232759115
Climate change,S&P-Ambitious,2035,AR,50.0,23.188806300181263
Climate change,S&P-Ambitious,2035,BO,-50.0,-5.0060493982312115
Climate change,S&P-Ambitious,2035,BO,-40.0,-4.0048393259708615
Climate change,S&P-Ambitious,2035,BO,-30.0,-3.003629253710524
Climate change,S&P-Ambitious,2035,BO,-19.999999999999996,-2.0024191814501737
Climate change,S&P-Ambitious,2035,BO,-9.999999999999998,-1.0012091091898359
Climate change,S&P-Ambitious,2035,BO,0.0,9.63070526176113e-07
Climate change,S&P-Ambitious,2035,BO,10.000000000000009,1.001211035330864
Climate change,S&P-Ambitious,2035,BO,20.000000000000007,2.002421107591214
Climate change,S&P-Ambitious,2035,BO,30.000000000000004,3.003631179851552
Climate change,S&P-Ambitious,2035,BO,40.0,4.004841252111902
Climate change,S&P-Ambitious,2035,BO,50.0,5.0060513243722395
Climate change,S&P-Ambitious,2035,CL,-50.0,-3.355597498585536
Climate change,S&P-Ambitious,2035,CL,-40.0,-2.684477806254321
Climate change,S&P-Ambitious,2035,CL,-30.0,-2.0133581139231183
Climate change,S&P-Ambitious,2035,CL,-19.999999999999996,-1.3422384215919034
Climate change,S&P-Ambitious,2035,CL,-9.999999999999998,-0.6711187292606886
Climate change,S&P-Ambitious,2035,CL,0.0,9.63070526176113e-07
Climate change,S&P-Ambitious,2035,CL,10.000000000000009,0.6711206554017288
Climate change,S&P-Ambitious,2035,CL,20.000000000000007,1.3422403477329437
Climate change,S&P-Ambitious,2035,CL,30.000000000000004,2.0133600400641463
Climate change,S&P-Ambitious,2035,CL,40.0,2.684479732395361
Climate change,S&P-Ambitious,2035,CL,50.0,3.355599424726564
Climate change,S&P-Ambitious,2035,CN,-50.0,-17.0239476278125
Climate change,S&P-Ambitious,2035,CN,-40.0,-13.619157909635888
Climate change,S&P-Ambitious,2035,CN,-30.0,-10.214368191459299
Climate change,S&P-Ambitious,2035,CN,-19.999999999999996,-6.809578473282686
Climate change,S&P-Ambitious,2035,CN,-9.999999999999998,-3.4047887551060745
Climate change,S&P-Ambitious,2035,CN,0.0,9.63070526176113e-07
Climate change,S&P-Ambitious,2035,CN,10.000000000000009,3.4047906812471385
Climate change,S&P-Ambitious,2035,CN,20.000000000000007,6.809580399423727
Climate change,S&P-Ambitious,2035,CN,30.000000000000004,10.214370117600339
Climate change,S&P-Ambitious,2035,CN,40.0,13.619159835776939
Climate change,S&P-Ambitious,2035,CN,50.0,17.02394955395354
Climate change,S&P-Ambitious,2035,DE,-50.0,-1.2517653785093839
Climate change,S&P-Ambitious,2035,DE,-40.0,-1.001412110193409
Climate change,S&P-Ambitious,2035,DE,-30.0,-0.7510588418774222
Climate change,S&P-Ambitious,2035,DE,-19.999999999999996,-0.5007055735614354
Climate change,S&P-Ambitious,2035,DE,-9.999999999999998,-0.25035230524546065
Climate change,S&P-Ambitious,2035,DE,0.0,9.63070526176113e-07
Climate change,S&P-Ambitious,2035,DE,10.000000000000009,0.2503542313865009
Climate change,S&P-Ambitious,2035,DE,20.000000000000007,0.5007074997024877
Climate change,S&P-Ambitious,2035,DE,30.000000000000004,0.7510607680184505
Climate change,S&P-Ambitious,2035,DE,40.0,1.0014140363344373
Climate change,S&P-Ambitious,2035,DE,50.0,1.251767304650412
Climate change,S&P-Ambitious,2035,US,-50.0,-0.17383042593328454
Climate change,S&P-Ambitious,2035,US,-40.0,-0.1390641481325272
Climate change,S&P-Ambitious,2035,US,-30.0,-0.10429787033176992
Climate change,S&P-Ambitious,2035,US,-19.999999999999996,-0.06953159253098845
Climate change,S&P-Ambitious,2035,US,-9.999999999999998,-0.03476531473023113
Climate change,S&P-Ambitious,2035,US,0.0,9.63070526176113e-07
Climate change,S&P-Ambitious,2035,US,10.000000000000009,0.03476724087129557
Climate change,S&P-Ambitious,2035,US,20.000000000000007,0.06953351867205287
Climate change,S&P-Ambitious,2035,US,30.000000000000004,0.10429979647281018
Climate change,S&P-Ambitious,2035,US,40.0,0.1390660742735796
Climate change,S&P-Ambitious,2035,US,50.0,0.17383235207433687
Climate change,S&P-Very Ambitious,2020,AR,-50.0,-17.808270341949623
Climate change,S&P-Very Ambitious,2020,AR,-40.0,-14.246615557661205
Climate change,S&P-Very Ambitious,2020,AR,-30.0,-10.68496077337279
Climate change,S&P-Very Ambitious,2020,AR,-19.999999999999996,-7.123305989084374
Climate change,S&P-Very Ambitious,2020,AR,-9.999999999999998,-3.561651204795957
Climate change,S&P-Very Ambitious,2020,AR,0.0,3.5794924431246786e-06
Climate change,S&P-Very Ambitious,2020,AR,10.000000000000009,3.5616583637808765
Climate change,S&P-Very Ambitious,2020,AR,20.000000000000007,7.123313148069292
Climate change,S&P-Very Ambitious,2020,AR,30.000000000000004,10.68496793235771
Climate change,S&P-Very Ambitious,2020,AR,40.0,14.246622716646144
Climate change,S&P-Very Ambitious,2020,AR,50.0,17.808277500934558
Climate change,S&P-Very Ambitious,2020,CL,-50.0,-10.83519984910252
Climate change,S&P-Very Ambitious,2020,CL,-40.0,-8.668159163383523
Climate change,S&P-Very Ambitious,2020,CL,-30.0,-6.501118477664527
Climate change,S&P-Very Ambitious,2020,CL,-19.999999999999996,-4.334077791945531
Climate change,S&P-Very Ambitious,2020,CL,-9.999999999999998,-2.167037106226536
Climate change,S&P-Very Ambitious,2020,CL,0.0,3.5794924431246786e-06
Climate change,S&P-Very Ambitious,2020,CL,10.000000000000009,2.1670442652114557
Climate change,S&P-Very Ambitious,2020,CL,20.000000000000007,4.334084950930435
Climate change,S&P-Very Ambitious,2020,CL,30.000000000000004,6.50112563664943
Climate change,S&P-Very Ambitious,2020,CL,40.0,8.668166322368426
Climate change,S&P-Very Ambitious,2020,CL,50.0,10.835207008087423
Climate change,S&P-Very Ambitious,2020,CN,-50.0,-20.614599728678037
Climate change,S&P-Very Ambitious,2020,CN,-40.0,-16.491679067043936
Climate change,S&P-Very Ambitious,2020,CN,-30.0,-12.368758405409839
Climate change,S&P-Very Ambitious,2020,CN,-19.999999999999996,-8.245837743775738
Climate change,S&P-Very Ambitious,2020,CN,-9.999999999999998,-4.122917082141656
Climate change,S&P-Very Ambitious,2020,CN,0.0,3.5794924431246786e-06
Climate change,S&P-Very Ambitious,2020,CN,10.000000000000009,4.122924241126559
Climate change,S&P-Very Ambitious,2020,CN,20.000000000000007,8.245844902760659
Climate change,S&P-Very Ambitious,2020,CN,30.000000000000004,12.368765564394742
Climate change,S&P-Very Ambitious,2020,CN,40.0,16.491686226028822
Climate change,S&P-Very Ambitious,2020,CN,50.0,20.61460688766294
Climate change,S&P-Very Ambitious,2020,US,-50.0,-0.7419175520462372
Climate change,S&P-Very Ambitious,2020,US,-40.0,-0.5935333257385011
Climate change,S&P-Very Ambitious,2020,US,-30.0,-0.4451490994307651
Climate change,S&P-Very Ambitious,2020,US,-19.999999999999996,-0.296764873123029
Climate change,S&P-Very Ambitious,2020,US,-9.999999999999998,-0.14838064681529295
Climate change,S&P-Very Ambitious,2020,US,0.0,3.5794924431246786e-06
Climate change,S&P-Very Ambitious,2020,US,10.000000000000009,0.14838780580019587
Climate change,S&P-Very Ambitious,2020,US,20.000000000000007,0.29677203210793196
Climate change,S&P-Very Ambitious,2020,US,30.000000000000004,0.44515625841568474
Climate change,S&P-Very Ambitious,2020,US,40.0,0.5935404847234207
Climate change,S&P-Very Ambitious,2020,US,50.0,0.7419247110311569
Climate change,S&P-Very Ambitious,2025,AR,-50.0,-15.484459242381993
Climate change,S&P-Very Ambitious,2025,AR,-40.0,-12.387567228566871
Climate change,S&P-Very Ambitious,2025,AR,-30.0,-9.29067521475176
Climate change,S&P-Very Ambitious,2025,AR,-19.999999999999996,-6.193783200936651
Climate change,S&P-Very Ambitious,2025,AR,-9.999999999999998,-3.096891187121542
Climate change,S&P-Very Ambitious,2025,AR,0.0,8.266935671147944e-07
Climate change,S&P-Very Ambitious,2025,AR,10.000000000000009,3.0968928405086764
Climate change,S&P-Very Ambitious,2025,AR,20.000000000000007,6.193784854323811
Climate change,S&P-Very Ambitious,2025,AR,30.000000000000004,9.290676868138895
Climate change,S&P-Very Ambitious,2025,AR,40.0,12.387568881954017
Climate change,S&P-Very Ambitious,2025,AR,50.0,15.48446089576914
Climate change,S&P-Very Ambitious,2025,BO,-50.0,-0.865785479801374
Climate change,S&P-Very Ambitious,2025,BO,-40.0,-0.6926282185024032
Climate change,S&P-Very Ambitious,2025,BO,-30.0,-0.519470957203395
Climate change,S&P-Very Ambitious,2025,BO,-19.999999999999996,-0.3463136959044118
Climate change,S&P-Very Ambitious,2025,BO,-9.999999999999998,-0.1731564346054161
Climate change,S&P-Very Ambitious,2025,BO,0.0,8.266935671147944e-07
Climate change,S&P-Very Ambitious,2025,BO,10.000000000000009,0.17315808799255034
Climate change,S&P-Very Ambitious,2025,BO,20.000000000000007,0.346315349291546
Climate change,S&P-Very Ambitious,2025,BO,30.000000000000004,0.5194726105905293
Climate change,S&P-Very Ambitious,2025,BO,40.0,0.6926298718895125
Climate change,S&P-Very Ambitious,2025,BO,50.0,0.8657871331885081
Climate change,S&P-Very Ambitious,2025,CL,-50.0,-5.192591144446969
Climate change,S&P-Very Ambitious,2025,CL,-40.0,-4.154072750218854
Climate change,S&P-Very Ambitious,2025,CL,-30.0,-3.1155543559907524
Climate change,S&P-Very Ambitious,2025,CL,-19.999999999999996,-2.07703596176265
Climate change,S&P-Very Ambitious,2025,CL,-9.999999999999998,-1.0385175675345353
Climate change,S&P-Very Ambitious,2025,CL,0.0,8.266935671147944e-07
Climate change,S&P-Very Ambitious,2025,CL,10.000000000000009,1.0385192209216694
Climate change,S&P-Very Ambitious,2025,CL,20.000000000000007,2.0770376151497842
Climate change,S&P-Very Ambitious,2025,CL,30.000000000000004,3.1155560093778867
Climate change,S&P-Very Ambitious,2025,CL,40.0,4.154074403605977
Climate change,S&P-Very Ambitious,2025,CL,50.0,5.192592797834104
Climate change,S&P-Very Ambitious,2025,CN,-50.0,-28.19227080858927
Climate change,S&P-Very Ambitious,2025,CN,-40.0,-22.5538164815327
Climate change,S&P-Very Ambitious,2025,CN,-30.0,-16.915362154476142
Climate change,S&P-Very Ambitious,2025,CN,-19.999999999999996,-11.27690782741956
Climate change,S&P-Very Ambitious,2025,CN,-9.999999999999998,-5.638453500363003
Climate change,S&P-Very Ambitious,2025,CN,0.0,8.266935671147944e-07
Climate change,S&P-Very Ambitious,2025,CN,10.000000000000009,5.638455153750149
Climate change,S&P-Very Ambitious,2025,CN,20.000000000000007,11.276909480806694
Climate change,S&P-Very Ambitious,2025,CN,30.000000000000004,16.915363807863276
Climate change,S&P-Very Ambitious,2025,CN,40.0,22.553818134919833
Climate change,S&P-Very Ambitious,2025,CN,50.0,28.192272461976415
Climate change,S&P-Very Ambitious,2025,US,-50.0,-0.2648896046593632
Climate change,S&P-Very Ambitious,2025,US,-40.0,-0.21191151838877462
Climate change,S&P-Very Ambitious,2025,US,-30.0,-0.15893343211819855
Climate change,S&P-Very Ambitious,2025,US,-19.999999999999996,-0.10595534584759753
Climate change,S&P-Very Ambitious,2025,US,-9.999999999999998,-0.0529772595770339
Climate change,S&P-Very Ambitious,2025,US,0.0,8.266935671147944e-07
Climate change,S&P-Very Ambitious,2025,US,10.000000000000009,0.052978912964143206
Climate change,S&P-Very Ambitious,2025,US,20.000000000000007,0.10595699923473176
Climate change,S&P-Very Ambitious,2025,US,30.000000000000004,0.15893508550530785
Climate change,S&P-Very Ambitious,2025,US,40.0,0.21191317177590885
Climate change,S&P-Very Ambitious,2025,US,50.0,0.26489125804647246
Climate change,S&P-Very Ambitious,2030,AR,-50.0,-27.86383146372684
Climate change,S&P-Very Ambitious,2030,AR,-40.0,-22.29106570247251
Climate change,S&P-Very Ambitious,2030,AR,-30.0,-16.718299941218177
Climate change,S&P-Very Ambitious,2030,AR,-19.999999999999996,-11.145534179963839
Climate change,S&P-Very Ambitious,2030,AR,-9.999999999999998,-5.572768418709508
Climate change,S&P-Very Ambitious,2030,AR,0.0,-2.6574551788382698e-06
Climate change,S&P-Very Ambitious,2030,AR,10.000000000000009,5.572763103799174
Climate change,S&P-Very Ambitious,2030,AR,20.000000000000007,11.145528865053516
Climate change,S&P-Very Ambitious,2030,AR,30.000000000000004,16.718294626307834
Climate change,S&P-Very Ambitious,2030,AR,40.0,22.29106038756215
Climate change,S&P-Very Ambitious,2030,AR,50.0,27.863826148816518
Climate change,S&P-Very Ambitious,2030,BO,-50.0,-2.20271495308261
Climate change,S&P-Very Ambitious,2030,BO,-40.0,-1.7621724939571264
Climate change,S&P-Very Ambitious,2030,BO,-30.0,-1.3216300348316536
Climate change,S&P-Very Ambitious,2030,BO,-19.999999999999996,-0.8810875757061468
Climate change,S&P-Very Ambitious,2030,BO,-9.999999999999998,-0.4405451165806628
Climate change,S&P-Very Ambitious,2030,BO,0.0,-2.6574551788382698e-06
Climate change,S&P-Very Ambitious,2030,BO,10.000000000000009,0.4405398016703281
Climate change,S&P-Very Ambitious,2030,BO,20.000000000000007,0.8810822607958121
Climate change,S&P-Very Ambitious,2030,BO,30.000000000000004,1.321624719921296
Climate change,S&P-Very Ambitious,2030,BO,40.0,1.762167179046803
Climate change,S&P-Very Ambitious,2030,BO,50.0,2.2027096381722866
Climate change,S&P-Very Ambitious,2030,CL,-50.0,-3.4887652666510207
Climate change,S&P-Very Ambitious,2030,CL,-40.0,-2.7910127448118596
Climate change,S&P-Very Ambitious,2030,CL,-30.0,-2.0932602229726864
Climate change,S&P-Very Ambitious,2030,CL,-19.999999999999996,-1.3955077011335133
Climate change,S&P-Very Ambitious,2030,CL,-9.999999999999998,-0.6977551792943518
Climate change,S&P-Very Ambitious,2030,CL,0.0,-2.6574551788382698e-06
Climate change,S&P-Very Ambitious,2030,CL,10.000000000000009,0.6977498643839942
Climate change,S&P-Very Ambitious,2030,CL,20.000000000000007,1.3955023862231557
Climate change,S&P-Very Ambitious,2030,CL,30.000000000000004,2.093254908062329
Climate change,S&P-Very Ambitious,2030,CL,40.0,2.791007429901502
Climate change,S&P-Very Ambitious,2030,CL,50.0,3.488759951740652
Climate change,S&P-Very Ambitious,2030,CN,-50.0,-15.374197632846457
Climate change,S&P-Very Ambitious,2030,CN,-40.0,-12.29935863776821
Climate change,S&P-Very Ambitious,2030,CN,-30.0,-9.224519642689952
Climate change,S&P-Very Ambitious,2030,CN,-19.999999999999996,-6.149680647611695
Climate change,S&P-Very Ambitious,2030,CN,-9.999999999999998,-3.0748416525334252
Climate change,S&P-Very Ambitious,2030,CN,0.0,-2.6574551788382698e-06
Climate change,S&P-Very Ambitious,2030,CN,10.000000000000009,3.074836337623079
Climate change,S&P-Very Ambitious,2030,CN,20.000000000000007,6.149675332701325
Climate change,S&P-Very Ambitious,2030,CN,30.000000000000004,9.224514327779595
Climate change,S&P-Very Ambitious,2030,CN,40.0,12.29935332285784
Climate change,S&P-Very Ambitious,2030,CN,50.0,15.374192317936112
Climate change,S&P-Very Ambitious,2030,DE,-50.0,-0.948766444825185
Climate change,S&P-Very Ambitious,2030,DE,-40.0,-0.7590136873511861
Climate change,S&P-Very Ambitious,2030,DE,-30.0,-0.5692609298771872
Climate change,S&P-Very Ambitious,2030,DE,-19.999999999999996,-0.3795081724031768
Climate change,S&P-Very Ambitious,2030,DE,-9.999999999999998,-0.1897554149291778
Climate change,S&P-Very Ambitious,2030,DE,0.0,-2.6574551788382698e-06
Climate change,S&P-Very Ambitious,2030,DE,10.000000000000009,0.18975010001882012
Climate change,S&P-Very Ambitious,2030,DE,20.000000000000007,0.3795028574928305
Climate change,S&P-Very Ambitious,2030,DE,30.000000000000004,0.569255614966841
Climate change,S&P-Very Ambitious,2030,DE,40.0,0.75900837244084
Climate change,S&P-Very Ambitious,2030,DE,50.0,0.9487611299148503
Climate change,S&P-Very Ambitious,2030,US,-50.0,-0.12173885487133253
Climate change,S&P-Very Ambitious,2030,US,-40.0,-0.09739161538810866
Climate change,S&P-Very Ambitious,2030,US,-30.0,-0.07304437590487335
Climate change,S&P-Very Ambitious,2030,US,-19.999999999999996,-0.048697136421638025
Climate change,S&P-Very Ambitious,2030,US,-9.999999999999998,-0.024349896938402706
Climate change,S&P-Very Ambitious,2030,US,0.0,-2.6574551788382698e-06
Climate change,S&P-Very Ambitious,2030,US,10.000000000000009,0.02434458202805648
Climate change,S&P-Very Ambitious,2030,US,20.000000000000007,0.048691821511291804
Climate change,S&P-Very Ambitious,2030,US,30.000000000000004,0.07303906099452712
Climate change,S&P-Very Ambitious,2030,US,40.0,0.09738630047776244
Climate change,S&P-Very Ambitious,2030,US,50.0,0.12173353996099777
Climate change,S&P-Very Ambitious,2035,AR,-50.0,-30.520325467920934
Climate change,S&P-Very Ambitious,2035,AR,-40.0,-24.416260133653157
Climate change,S&P-Very Ambitious,2035,AR,-30.0,-18.31219479938537
Climate change,S&P-Very Ambitious,2035,AR,-19.999999999999996,-12.208129465117585
Climate change,S&P-Very Ambitious,2035,AR,-9.999999999999998,-6.104064130849807
Climate change,S&P-Very Ambitious,2035,AR,0.0,1.2034179700899381e-06
Climate change,S&P-Very Ambitious,2035,AR,10.000000000000009,6.104066537685758
Climate change,S&P-Very Ambitious,2035,AR,20.000000000000007,12.208131871953524
Climate change,S&P-Very Ambitious,2035,AR,30.000000000000004,18.31219720622129
Climate change,S&P-Very Ambitious,2035,AR,40.0,24.4162625404891
Climate change,S&P-Very Ambitious,2035,AR,50.0,30.520327874756862
Climate change,S&P-Very Ambitious,2035,BO,-50.0,-3.5711448288665752
Climate change,S&P-Very Ambitious,2035,BO,-40.0,-2.856915622409675
Climate change,S&P-Very Ambitious,2035,BO,-30.0,-2.1426864159527743
Climate change,S&P-Very Ambitious,2035,BO,-19.999999999999996,-1.4284572094958525
Climate change,S&P-Very Ambitious,2035,BO,-9.999999999999998,-0.7142280030389518
Climate change,S&P-Very Ambitious,2035,BO,0.0,1.2034179700899381e-06
Climate change,S&P-Very Ambitious,2035,BO,10.000000000000009,0.714230409874892
Climate change,S&P-Very Ambitious,2035,BO,20.000000000000007,1.4284596163317924
Climate change,S&P-Very Ambitious,2035,BO,30.000000000000004,2.142688822788693
Climate change,S&P-Very Ambitious,2035,BO,40.0,2.856918029245615
Climate change,S&P-Very Ambitious,2035,BO,50.0,3.571147235702515
Climate change,S&P-Very Ambitious,2035,CL,-50.0,-2.7472479646730488
Climate change,S&P-Very Ambitious,2035,CL,-40.0,-2.1977981310548453
Climate change,S&P-Very Ambitious,2035,CL,-30.0,-1.64834829743662
Climate change,S&P-Very Ambitious,2035,CL,-19.999999999999996,-1.0988984638184376
Climate change,S&P-Very Ambitious,2035,CL,-9.999999999999998,-0.5494486302002337
Climate change,S&P-Very Ambitious,2035,CL,0.0,1.2034179700899381e-06
Climate change,S&P-Very Ambitious,2035,CL,10.000000000000009,0.5494510370361739
Climate change,S&P-Very Ambitious,2035,CL,20.000000000000007,1.0989008706543992
Climate change,S&P-Very Ambitious,2035,CL,30.000000000000004,1.6483507042725813
Climate change,S&P-Very Ambitious,2035,CL,40.0,2.197800537890785
Climate change,S&P-Very Ambitious,2035,CL,50.0,2.747250371508968
Climate change,S&P-Very Ambitious,2035,CN,-50.0,-12.144304601458
Climate change,S&P-Very Ambitious,2035,CN,-40.0,-9.715443440482813
Climate change,S&P-Very Ambitious,2035,CN,-30.0,-7.2865822795076145
Climate change,S&P-Very Ambitious,2035,CN,-19.999999999999996,-4.857721118532426
Climate change,S&P-Very Ambitious,2035,CN,-9.999999999999998,-2.4288599575572176
Climate change,S&P-Very Ambitious,2035,CN,0.0,1.2034179700899381e-06
Climate change,S&P-Very Ambitious,2035,CN,10.000000000000009,2.4288623643931793
Climate change,S&P-Very Ambitious,2035,CN,20.000000000000007,4.857723525368367
Climate change,S&P-Very Ambitious,2035,CN,30.000000000000004,7.286584686343554
Climate change,S&P-Very Ambitious,2035,CN,40.0,9.715445847318719
Climate change,S&P-Very Ambitious,2035,CN,50.0,12.14430700829395
Climate change,S&P-Very Ambitious,2035,DE,-50.0,-0.8929663221730636
Climate change,S&P-Very Ambitious,2035,DE,-40.0,-0.7143728170548612
Climate change,S&P-Very Ambitious,2035,DE,-30.0,-0.5357793119366587
Climate change,S&P-Very Ambitious,2035,DE,-19.999999999999996,-0.3571858068184563
Climate change,S&P-Very Ambitious,2035,DE,-9.999999999999998,-0.17859230170025378
Climate change,S&P-Very Ambitious,2035,DE,0.0,1.2034179700899381e-06
Climate change,S&P-Very Ambitious,2035,DE,10.000000000000009,0.17859470853615117
Climate change,S&P-Very Ambitious,2035,DE,20.000000000000007,0.35718821365437503
Climate change,S&P-Very Ambitious,2035,DE,30.000000000000004,0.5357817187725562
Climate change,S&P-Very Ambitious,2035,DE,40.0,0.71437522389078
Climate change,S&P-Very Ambitious,2035,DE,50.0,0.8929687290089611
Climate change,S&P-Very Ambitious,2035,US,-50.0,-0.12400419610957307
Climate change,S&P-Very Ambitious,2035,US,-40.0,-0.09920311620406444
Climate change,S&P-Very Ambitious,2035,US,-30.0,-0.0744020362985558
Climate change,S&P-Very Ambitious,2035,US,-19.999999999999996,-0.04960095639304717
Climate change,S&P-Very Ambitious,2035,US,-9.999999999999998,-0.02479987648753854
Climate change,S&P-Very Ambitious,2035,US,0.0,1.2034179700899381e-06
Climate change,S&P-Very Ambitious,2035,US,10.000000000000009,0.02480228332345732
Climate change,S&P-Very Ambitious,2035,US,20.000000000000007,0.049603363228965955
Climate change,S&P-Very Ambitious,2035,US,30.000000000000004,0.07440444313447458
Climate change,S&P-Very Ambitious,2035,US,40.0,0.09920552303998321
Climate change,S&P-Very Ambitious,2035,US,50.0,0.12400660294549185
Water scarcity,S&P-Baseline,2020,AR,-50.0,-9.807849783170004
Water scarcity,S&P-Baseline,2020,AR,-40.0,-7.846279418414745
Water scarcity,S&P-Baseline,2020,AR,-30.0,-5.8847090536594715
Water scarcity,S&P-Baseline,2020,AR,-19.999999999999996,-3.9231386889042126
Water scarcity,S&P-Baseline,2020,AR,-9.999999999999998,-1.96156832414894
Water scarcity,S&P-Baseline,2020,AR,0.0,2.040606319437095e-06
Water scarcity,S&P-Baseline,2020,AR,10.000000000000009,1.9615724053615917
Water scarcity,S&P-Baseline,2020,AR,20.000000000000007,3.923142770116877
Water scarcity,S&P-Baseline,2020,AR,30.000000000000004,5.884713134872111
Water scarcity,S&P-Baseline,2020,AR,40.0,7.846283499627384
Water scarcity,S&P-Baseline,2020,AR,50.0,9.807853864382668
Water scarcity,S&P-Baseline,2020,CL,-50.0,-27.816359448829335
Water scarcity,S&P-Baseline,2020,CL,-40.0,-22.25308715094221
Water scarcity,S&P-Baseline,2020,CL,-30.0,-16.68981485305508
Water scarcity,S&P-Baseline,2020,CL,-19.999999999999996,-11.126542555167939
Water scarcity,S&P-Baseline,2020,CL,-9.999999999999998,-5.563270257280823
Water scarcity,S&P-Baseline,2020,CL,0.0,2.040606319437095e-06
Water scarcity,S&P-Baseline,2020,CL,10.000000000000009,5.563274338493474
Water scarcity,S&P-Baseline,2020,CL,20.000000000000007,11.126546636380603
Water scarcity,S&P-Baseline,2020,CL,30.000000000000004,16.689818934267706
Water scarcity,S&P-Baseline,2020,CL,40.0,22.253091232154848
Water scarcity,S&P-Baseline,2020,CL,50.0,27.816363530041993
Water scarcity,S&P-Baseline,2020,CN,-50.0,-10.701707536581168
Water scarcity,S&P-Baseline,2020,CN,-40.0,-8.561365621143665
Water scarcity,S&P-Baseline,2020,CN,-30.0,-6.421023705706174
Water scarcity,S&P-Baseline,2020,CN,-19.999999999999996,-4.280681790268673
Water scarcity,S&P-Baseline,2020,CN,-9.999999999999998,-2.14033987483117
Water scarcity,S&P-Baseline,2020,CN,0.0,2.040606319437095e-06
Water scarcity,S&P-Baseline,2020,CN,10.000000000000009,2.140343956043822
Water scarcity,S&P-Baseline,2020,CN,20.000000000000007,4.280685871481337
Water scarcity,S&P-Baseline,2020,CN,30.000000000000004,6.421027786918813
Water scarcity,S&P-Baseline,2020,CN,40.0,8.561369702356329
Water scarcity,S&P-Baseline,2020,CN,50.0,10.701711617793832
Water scarcity,S&P-Baseline,2020,US,-50.0,-1.674076089297353
Water scarcity,S&P-Baseline,2020,US,-40.0,-1.339260463316608
Water scarcity,S&P-Baseline,2020,US,-30.0,-1.0044448373358763
Water scarcity,S&P-Baseline,2020,US,-19.999999999999996,-0.6696292113551315
Water scarcity,S&P-Baseline,2020,US,-9.999999999999998,-0.33481358537441247
Water scarcity,S&P-Baseline,2020,US,0.0,2.040606319437095e-06
Water scarcity,S&P-Baseline,2020,US,10.000000000000009,0.3348176665870642
Water scarcity,S&P-Baseline,2020,US,20.000000000000007,0.6696332925677833
Water scarcity,S&P-Baseline,2020,US,30.000000000000004,1.0044489185485153
Water scarcity,S&P-Baseline,2020,US,40.0,1.33926454452926
Water scarcity,S&P-Baseline,2020,US,50.0,1.674080170509979
Water scarcity,S&P-Baseline,2025,AR,-50.0,-9.920689764675199
Water scarcity,S&P-Baseline,2025,AR,-40.0,-7.936551595832367
Water scarcity,S&P-Baseline,2025,AR,-30.0,-5.95241342698955
Water scarcity,S&P-Baseline,2025,AR,-19.999999999999996,-3.9682752581467193
Water scarcity,S&P-Baseline,2025,AR,-9.999999999999998,-1.9841370893038885
Water scarcity,S&P-Baseline,2025,AR,0.0,1.0795389423269486e-06
Water scarcity,S&P-Baseline,2025,AR,10.000000000000009,1.984139248381787
Water scarcity,S&P-Baseline,2025,AR,20.000000000000007,3.96827741722459
Water scarcity,S&P-Baseline,2025,AR,30.000000000000004,5.952415586067421
Water scarcity,S&P-Baseline,2025,AR,40.0,7.936553754910252
Water scarcity,S&P-Baseline,2025,AR,50.0,9.920691923753097
Water scarcity,S&P-Baseline,2025,CL,-50.0,-27.735818413149836
Water scarcity,S&P-Baseline,2025,CL,-40.0,-22.188654514612075
Water scarcity,S&P-Baseline,2025,CL,-30.0,-16.641490616074314
Water scarcity,S&P-Baseline,2025,CL,-19.999999999999996,-11.094326717536553
Water scarcity,S&P-Baseline,2025,CL,-9.999999999999998,-5.547162818998805
Water scarcity,S&P-Baseline,2025,CL,0.0,1.0795389423269486e-06
Water scarcity,S&P-Baseline,2025,CL,10.000000000000009,5.547164978076704
Water scarcity,S&P-Baseline,2025,CL,20.000000000000007,11.094328876614464
Water scarcity,S&P-Baseline,2025,CL,30.000000000000004,16.641492775152198
Water scarcity,S&P-Baseline,2025,CL,40.0,22.188656673689945
Water scarcity,S&P-Baseline,2025,CL,50.0,27.735820572227706
Water scarcity,S&P-Baseline,2025,CN,-50.0,-12.029025550395026
Water scarcity,S&P-Baseline,2025,CN,-40.0,-9.623220224408238
Water scarcity,S&P-Baseline,2025,CN,-30.0,-7.21741489842145
Water scarcity,S&P-Baseline,2025,CN,-19.999999999999996,-4.811609572434661
Water scarcity,S&P-Baseline,2025,CN,-9.999999999999998,-2.405804246447846
Water scarcity,S&P-Baseline,2025,CN,0.0,1.0795389423269486e-06
Water scarcity,S&P-Baseline,2025,CN,10.000000000000009,2.4058064055257304
Water scarcity,S&P-Baseline,2025,CN,20.000000000000007,4.811611731512519
Water scarcity,S&P-Baseline,2025,CN,30.000000000000004,7.217417057499306
Water scarcity,S&P-Baseline,2025,CN,40.0,9.623222383486095
Water scarcity,S&P-Baseline,2025,CN,50.0,12.029027709472883
Water scarcity,S&P-Baseline,2025,US,-50.0,-0.31446249339367716
Water scarcity,S&P-Baseline,2025,US,-40.0,-0.25156977880716697
Water scarcity,S&P-Baseline,2025,US,-30.0,-0.18867706422062935
Water scarcity,S&P-Baseline,2025,US,-19.999999999999996,-0.12578434963410545
Water scarcity,S&P-Baseline,2025,US,-9.999999999999998,-0.0628916350475953
Water scarcity,S&P-Baseline,2025,US,0.0,1.0795389423269486e-06
Water scarcity,S&P-Baseline,2025,US,10.000000000000009,0.0628937941254525
Water scarcity,S&P-Baseline,2025,US,20.000000000000007,0.1257865087119764
Water scarcity,S&P-Baseline,2025,US,30.000000000000004,0.18867922329850031
Water scarcity,S&P-Baseline,2025,US,40.0,0.2515719378850242
Water scarcity,S&P-Baseline,2025,US,50.0,0.3144646524715481
Water scarcity,S&P-Baseline,2030,AR,-50.0,-14.253384834000027
Water scarcity,S&P-Baseline,2030,AR,-40.0,-11.402707864545626
Water scarcity,S&P-Baseline,2030,AR,-30.0,-8.552030895091235
Water scarcity,S&P-Baseline,2030,AR,-19.999999999999996,-5.701353925636832
Water scarcity,S&P-Baseline,2030,AR,-9.999999999999998,-2.850676956182443
Water scarcity,S&P-Baseline,2030,AR,0.0,1.3271959198998918e-08
Water scarcity,S&P-Baseline,2030,AR,10.000000000000009,2.8506769827263616
Water scarcity,S&P-Baseline,2030,AR,20.000000000000007,5.701353952180777
Water scarcity,S&P-Baseline,2030,AR,30.000000000000004,8.552030921635154
Water scarcity,S&P-Baseline,2030,AR,40.0,11.402707891089543
Water scarcity,S&P-Baseline,2030,AR,50.0,14.253384860543944
Water scarcity,S&P-Baseline,2030,CL,-50.0,-23.114565279439763
Water scarcity,S&P-Baseline,2030,CL,-40.0,-18.491652220897414
Water scarcity,S&P-Baseline,2030,CL,-30.0,-13.868739162355082
Water scarcity,S&P-Baseline,2030,CL,-19.999999999999996,-9.245826103812721
Water scarcity,S&P-Baseline,2030,CL,-9.999999999999998,-4.622913045270387
Water scarcity,S&P-Baseline,2030,CL,0.0,1.3271959198998918e-08
Water scarcity,S&P-Baseline,2030,CL,10.000000000000009,4.622913071814319
Water scarcity,S&P-Baseline,2030,CL,20.000000000000007,9.245826130356678
Water scarcity,S&P-Baseline,2030,CL,30.000000000000004,13.868739188899012
Water scarcity,S&P-Baseline,2030,CL,40.0,18.491652247441344
Water scarcity,S&P-Baseline,2030,CL,50.0,23.11456530598368
Water scarcity,S&P-Baseline,2030,CN,-50.0,-12.40175126749377
Water scarcity,S&P-Baseline,2030,CN,-40.0,-9.921401011340624
Water scarcity,S&P-Baseline,2030,CN,-30.0,-7.441050755187491
Water scarcity,S&P-Baseline,2030,CN,-19.999999999999996,-4.960700499034332
Water scarcity,S&P-Baseline,2030,CN,-9.999999999999998,-2.4803502428811868
Water scarcity,S&P-Baseline,2030,CN,0.0,1.3271959198998918e-08
Water scarcity,S&P-Baseline,2030,CN,10.000000000000009,2.480350269425105
Water scarcity,S&P-Baseline,2030,CN,20.000000000000007,4.960700525578251
Water scarcity,S&P-Baseline,2030,CN,30.000000000000004,7.441050781731409
Water scarcity,S&P-Baseline,2030,CN,40.0,9.921401037884555
Water scarcity,S&P-Baseline,2030,CN,50.0,12.401751294037714
Water scarcity,S&P-Baseline,2030,US,-50.0,-0.23029857261458467
Water scarcity,S&P-Baseline,2030,US,-40.0,-0.1842388554372785
Water scarcity,S&P-Baseline,2030,US,-30.0,-0.13817913825995928
Water scarcity,S&P-Baseline,2030,US,-19.999999999999996,-0.09211942108265313
Water scarcity,S&P-Baseline,2030,US,-9.999999999999998,-0.04605970390534697
Water scarcity,S&P-Baseline,2030,US,0.0,1.3271959198998918e-08
Water scarcity,S&P-Baseline,2030,US,10.000000000000009,0.04605973044926537
Water scarcity,S&P-Baseline,2030,US,20.000000000000007,0.09211944762657152
Water scarcity,S&P-Baseline,2030,US,30.000000000000004,0.1381791648038777
Water scarcity,S&P-Baseline,2030,US,40.0,0.18423888198118385
Water scarcity,S&P-Baseline,2030,US,50.0,0.23029859915850306
Water scarcity,S&P-Baseline,2035,AR,-50.0,-19.96950132821734
Water scarcity,S&P-Baseline,2035,AR,-40.0,-15.975601124606204
Water scarcity,S&P-Baseline,2035,AR,-30.0,-11.98170092099504
Water scarcity,S&P-Baseline,2035,AR,-19.999999999999996,-7.9878007173839025
Water scarcity,S&P-Baseline,2035,AR,-9.999999999999998,-3.9939005137727412
Water scarcity,S&P-Baseline,2035,AR,0.0,-3.1016157899271724e-07
Water scarcity,S&P-Baseline,2035,AR,10.000000000000009,3.993899893449583
Water scarcity,S&P-Baseline,2035,AR,20.000000000000007,7.987800097060721
Water scarcity,S&P-Baseline,2035,AR,30.000000000000004,11.981700300671859
Water scarcity,S&P-Baseline,2035,AR,40.0,15.975600504283022
Water scarcity,S&P-Baseline,2035,AR,50.0,19.969500707894184
Water scarcity,S&P-Baseline,2035,CL,-50.0,-19.207980406450258
Water scarcity,S&P-Baseline,2035,CL,-40.0,-15.366384387192511
Water scarcity,S&P-Baseline,2035,CL,-30.0,-11.524788367934791
Water scarcity,S&P-Baseline,2035,CL,-19.999999999999996,-7.683192348677058
Water scarcity,S&P-Baseline,2035,CL,-9.999999999999998,-3.8415963294193243
Water scarcity,S&P-Baseline,2035,CL,0.0,-3.1016157899271724e-07
Water scarcity,S&P-Baseline,2035,CL,10.000000000000009,3.841595709096142
Water scarcity,S&P-Baseline,2035,CL,20.000000000000007,7.6831917283539
Water scarcity,S&P-Baseline,2035,CL,30.000000000000004,11.524787747611633
Water scarcity,S&P-Baseline,2035,CL,40.0,15.366383766869355
Water scarcity,S&P-Baseline,2035,CL,50.0,19.207979786127076
Water scarcity,S&P-Baseline,2035,CN,-50.0,-10.498774947418593
Water scarcity,S&P-Baseline,2035,CN,-40.0,-8.399020019967189
Water scarcity,S&P-Baseline,2035,CN,-30.0,-6.299265092515786
Water scarcity,S&P-Baseline,2035,CN,-19.999999999999996,-4.199510165064384
Water scarcity,S&P-Baseline,2035,CN,-9.999999999999998,-2.0997552376129813
Water scarcity,S&P-Baseline,2035,CN,0.0,-3.1016157899271724e-07
Water scarcity,S&P-Baseline,2035,CN,10.000000000000009,2.0997546172898236
Water scarcity,S&P-Baseline,2035,CN,20.000000000000007,4.199509544741225
Water scarcity,S&P-Baseline,2035,CN,30.000000000000004,6.299264472192628
Water scarcity,S&P-Baseline,2035,CN,40.0,8.39901939964403
Water scarcity,S&P-Baseline,2035,CN,50.0,10.498774327095434
Water scarcity,S&P-Baseline,2035,US,-50.0,-0.3237444034793374
Water scarcity,S&P-Baseline,2035,US,-40.0,-0.25899558481577845
Water scarcity,S&P-Baseline,2035,US,-30.0,-0.19424676615223163
Water scarcity,S&P-Baseline,2035,US,-19.999999999999996,-0.12949794748867266
Water scarcity,S&P-Baseline,2035,US,-9.999999999999998,-0.0647491288251137
Water scarcity,S&P-Baseline,2035,US,0.0,-3.1016157899271724e-07
Water scarcity,S&P-Baseline,2035,US,10.000000000000009,0.06474850850197997
Water scarcity,S&P-Baseline,2035,US,20.000000000000007,0.1294973271655268
Water scarcity,S&P-Baseline,2035,US,30.000000000000004,0.19424614582908575
Water scarcity,S&P-Baseline,2035,US,40.0,0.2589949644926447
Water scarcity,S&P-Baseline,2035,US,50.0,0.3237437831561915
Water scarcity,S&P-Ambitious,2020,AR,-50.0,-9.807849783170004
Water scarcity,S&P-Ambitious,2020,AR,-40.0,-7.846279418414745
Water scarcity,S&P-Ambitious,2020,AR,-30.0,-5.8847090536594715
Water scarcity,S&P-Ambitious,2020,AR,-19.999999999999996,-3.9231386889042126
Water scarcity,S&P-Ambitious,2020,AR,-9.999999999999998,-1.96156832414894
Water scarcity,S&P-Ambitious,2020,AR,0.0,2.040606319437095e-06
Water scarcity,S&P-Ambitious,2020,AR,10.000000000000009,1.9615724053615917
Water scarcity,S&P-Ambitious,2020,AR,20.000000000000007,3.923142770116877
Water scarcity,S&P-Ambitious,2020,AR,30.000000000000004,5.884713134872111
Water scarcity,S&P-Ambitious,2020,AR,40.0,7.846283499627384
Water scarcity,S&P-Ambitious,2020,AR,50.0,9.807853864382668
Water scarcity,S&P-Ambitious,2020,CL,-50.0,-27.816359448829335
Water scarcity,S&P-Ambitious,2020,CL,-40.0,-22.25308715094221
Water scarcity,S&P-Ambitious,2020,CL,-30.0,-16.68981485305508
Water scarcity,S&P-Ambitious,2020,CL,-19.999999999999996,-11.126542555167939
Water scarcity,S&P-Ambitious,2020,CL,-9.999999999999998,-5.563270257280823
Water scarcity,S&P-Ambitious,2020,CL,0.0,2.040606319437095e-06
Water scarcity,S&P-Ambitious,2020,CL,10.000000000000009,5.563274338493474
Water scarcity,S&P-Ambitious,2020,CL,20.000000000000007,11.126546636380603
Water scarcity,S&P-Ambitious,2020,CL,30.000000000000004,16.689818934267706
Water scarcity,S&P-Ambitious,2020,CL,40.0,22.253091232154848
Water scarcity,S&P-Ambitious,2020,CL,50.0,27.816363530041993
Water scarcity,S&P-Ambitious,2020,CN,-50.0,-10.701707536581168
Water scarcity,S&P-Ambitious,2020,CN,-40.0,-8.561365621143665
Water scarcity,S&P-Ambitious,2020,CN,-30.0,-6.421023705706174
Water scarcity,S&P-Ambitious,2020,CN,-19.999999999999996,-4.280681790268673
Water scarcity,S&P-Ambitious,2020,CN,-9.999999999999998,-2.14033987483117
Water scarcity,S&P-Ambitious,2020,CN,0.0,2.040606319437095e-06
Water scarcity,S&P-Ambitious,2020,CN,10.000000000000009,2.140343956043822
Water scarcity,S&P-Ambitious,2020,CN,20.000000000000007,4.280685871481337
Water scarcity,S&P-Ambitious,2020,CN,30.000000000000004,6.421027786918813
Water scarcity,S&P-Ambitious,2020,CN,40.0,8.561369702356329
Water scarcity,S&P-Ambitious,2020,CN,50.0,10.701711617793832
Water scarcity,S&P-Ambitious,2020,US,-50.0,-1.674076089297353
Water scarcity,S&P-Ambitious,2020,US,-40.0,-1.339260463316608
Water scarcity,S&P-Ambitious,2020,US,-30.0,-1.0044448373358763
Water scarcity,S&P-Ambitious,2020,US,-19.999999999999996,-0.6696292113551315
Water scarcity,S&P-Ambitious,2020,US,-9.999999999999998,-0.33481358537441247
Water scarcity,S&P-Ambitious,2020,US,0.0,2.040606319437095e-06
Water scarcity,S&P-Ambitious,2020,US,10.000000000000009,0.3348176665870642
Water scarcity,S&P-Ambitious,2020,US,20.000000000000007,0.6696332925677833
Water scarcity,S&P-Ambitious,2020,US,30.000000000000004,1.0044489185485153
Water scarcity,S&P-Ambitious,2020,US,40.0,1.33926454452926
Water scarcity,S&P-Ambitious,2020,US,50.0,1.674080170509979
Water scarcity,S&P-Ambitious,2025,AR,-50.0,-11.387822619469198
Water scarcity,S&P-Ambitious,2025,AR,-40.0,-9.11025805337865
Water scarcity,S&P-Ambitious,2025,AR,-30.0,-6.832693487288115
Water scarcity,S&P-Ambitious,2025,AR,-19.999999999999996,-4.55512892119759
Water scarcity,S&P-Ambitious,2025,AR,-9.999999999999998,-2.277564355107066
Water scarcity,S&P-Ambitious,2025,AR,0.0,2.1098346987429575e-07
Water scarcity,S&P-Ambitious,2025,AR,10.000000000000009,2.2775647770739944
Water scarcity,S&P-Ambitious,2025,AR,20.000000000000007,4.555129343164553
Water scarcity,S&P-Ambitious,2025,AR,30.000000000000004,6.832693909255077
Water scarcity,S&P-Ambitious,2025,AR,40.0,9.110258475345578
Water scarcity,S&P-Ambitious,2025,AR,50.0,11.387823041436127
Water scarcity,S&P-Ambitious,2025,BO,-50.0,-1.630472195376333
Water scarcity,S&P-Ambitious,2025,BO,-40.0,-1.304377714104361
Water scarcity,S&P-Ambitious,2025,BO,-30.0,-0.9782832328324005
Water scarcity,S&P-Ambitious,2025,BO,-19.999999999999996,-0.6521887515604627
Water scarcity,S&P-Ambitious,2025,BO,-9.999999999999998,-0.32609427028850213
Water scarcity,S&P-Ambitious,2025,BO,0.0,2.1098346987429575e-07
Water scarcity,S&P-Ambitious,2025,BO,10.000000000000009,0.3260946922554305
Water scarcity,S&P-Ambitious,2025,BO,20.000000000000007,0.652189173527391
Water scarcity,S&P-Ambitious,2025,BO,30.000000000000004,0.9782836547993516
Water scarcity,S&P-Ambitious,2025,BO,40.0,1.304378136071301
Water scarcity,S&P-Ambitious,2025,BO,50.0,1.6304726173432613
Water scarcity,S&P-Ambitious,2025,CL,-50.0,-18.105607834648506
Water scarcity,S&P-Ambitious,2025,CL,-40.0,-14.484486225522126
Water scarcity,S&P-Ambitious,2025,CL,-30.0,-10.863364616395712
Water scarcity,S&P-Ambitious,2025,CL,-19.999999999999996,-7.242243007269334
Water scarcity,S&P-Ambitious,2025,CL,-9.999999999999998,-3.621121398142921
Water scarcity,S&P-Ambitious,2025,CL,0.0,2.1098346987429575e-07
Water scarcity,S&P-Ambitious,2025,CL,10.000000000000009,3.6211218201098716
Water scarcity,S&P-Ambitious,2025,CL,20.000000000000007,7.242243429236263
Water scarcity,S&P-Ambitious,2025,CL,30.000000000000004,10.863365038362653
Water scarcity,S&P-Ambitious,2025,CL,40.0,14.484486647489042
Water scarcity,S&P-Ambitious,2025,CL,50.0,18.105608256615437
Water scarcity,S&P-Ambitious,2025,CN,-50.0,-18.084501621029474
Water scarcity,S&P-Ambitious,2025,CN,-40.0,-14.467601254626885
Water scarcity,S&P-Ambitious,2025,CN,-30.0,-10.850700888224305
Water scarcity,S&P-Ambitious,2025,CN,-19.999999999999996,-7.233800521821713
Water scarcity,S&P-Ambitious,2025,CN,-9.999999999999998,-3.616900155419133
Water scarcity,S&P-Ambitious,2025,CN,0.0,2.1098346987429575e-07
Water scarcity,S&P-Ambitious,2025,CN,10.000000000000009,3.6169005773860383
Water scarcity,S&P-Ambitious,2025,CN,20.000000000000007,7.2338009437886415
Water scarcity,S&P-Ambitious,2025,CN,30.000000000000004,10.850701310191221
Water scarcity,S&P-Ambitious,2025,CN,40.0,14.467601676593803
Water scarcity,S&P-Ambitious,2025,CN,50.0,18.0845020429964
Water scarcity,S&P-Ambitious,2025,US,-50.0,-0.7915947800508906
Water scarcity,S&P-Ambitious,2025,US,-40.0,-0.6332757818440229
Water scarcity,S&P-Ambitious,2025,US,-30.0,-0.47495678363715543
Water scarcity,S&P-Ambitious,2025,US,-19.999999999999996,-0.3166377854302879
Water scarcity,S&P-Ambitious,2025,US,-9.999999999999998,-0.15831878722339765
Water scarcity,S&P-Ambitious,2025,US,0.0,2.1098346987429575e-07
Water scarcity,S&P-Ambitious,2025,US,10.000000000000009,0.15831920919032602
Water scarcity,S&P-Ambitious,2025,US,20.000000000000007,0.31663820739721626
Water scarcity,S&P-Ambitious,2025,US,30.000000000000004,0.47495720560408383
Water scarcity,S&P-Ambitious,2025,US,40.0,0.6332762038109513
Water scarcity,S&P-Ambitious,2025,US,50.0,0.7915952020178415
Water scarcity,S&P-Ambitious,2030,AR,-50.0,-17.686311399511396
Water scarcity,S&P-Ambitious,2030,AR,-40.0,-14.149048860181257
Water scarcity,S&P-Ambitious,2030,AR,-30.0,-10.611786320851115
Water scarcity,S&P-Ambitious,2030,AR,-19.999999999999996,-7.0745237815209725
Water scarcity,S&P-Ambitious,2030,AR,-9.999999999999998,-3.5372612421908403
Water scarcity,S&P-Ambitious,2030,AR,0.0,1.2971393020761962e-06
Water scarcity,S&P-Ambitious,2030,AR,10.000000000000009,3.5372638364694438
Water scarcity,S&P-Ambitious,2030,AR,20.000000000000007,7.074526375799587
Water scarcity,S&P-Ambitious,2030,AR,30.000000000000004,10.611788915129729
Water scarcity,S&P-Ambitious,2030,AR,40.0,14.149051454459894
Water scarcity,S&P-Ambitious,2030,AR,50.0,17.686313993790034
Water scarcity,S&P-Ambitious,2030,BO,-50.0,-5.09931487801205
Water scarcity,S&P-Ambitious,2030,BO,-40.0,-4.079451642981776
Water scarcity,S&P-Ambitious,2030,BO,-30.0,-3.0595884079515225
Water scarcity,S&P-Ambitious,2030,BO,-19.999999999999996,-2.039725172921226
Water scarcity,S&P-Ambitious,2030,BO,-9.999999999999998,-1.0198619378909515
Water scarcity,S&P-Ambitious,2030,BO,0.0,1.2971393020761962e-06
Water scarcity,S&P-Ambitious,2030,BO,10.000000000000009,1.0198645321695767
Water scarcity,S&P-Ambitious,2030,BO,20.000000000000007,2.0397277671998517
Water scarcity,S&P-Ambitious,2030,BO,30.000000000000004,3.0595910022301265
Water scarcity,S&P-Ambitious,2030,BO,40.0,4.079454237260402
Water scarcity,S&P-Ambitious,2030,BO,50.0,5.099317472290676
Water scarcity,S&P-Ambitious,2030,CL,-50.0,-14.06050257270038
Water scarcity,S&P-Ambitious,2030,CL,-40.0,-11.24840179873244
Water scarcity,S&P-Ambitious,2030,CL,-30.0,-8.436301024764498
Water scarcity,S&P-Ambitious,2030,CL,-19.999999999999996,-5.6242002507965685
Water scarcity,S&P-Ambitious,2030,CL,-9.999999999999998,-2.8120994768286174
Water scarcity,S&P-Ambitious,2030,CL,0.0,1.2971393020761962e-06
Water scarcity,S&P-Ambitious,2030,CL,10.000000000000009,2.8121020711072426
Water scarcity,S&P-Ambitious,2030,CL,20.000000000000007,5.624202845075205
Water scarcity,S&P-Ambitious,2030,CL,30.000000000000004,8.436303619043144
Water scarcity,S&P-Ambitious,2030,CL,40.0,11.248404393011064
Water scarcity,S&P-Ambitious,2030,CL,50.0,14.060505166979004
Water scarcity,S&P-Ambitious,2030,CN,-50.0,-12.072940986089545
Water scarcity,S&P-Ambitious,2030,CN,-40.0,-9.658352529443771
Water scarcity,S&P-Ambitious,2030,CN,-30.0,-7.243764072798009
Water scarcity,S&P-Ambitious,2030,CN,-19.999999999999996,-4.829175616152235
Water scarcity,S&P-Ambitious,2030,CN,-9.999999999999998,-2.4145871595064503
Water scarcity,S&P-Ambitious,2030,CN,0.0,1.2971393020761962e-06
Water scarcity,S&P-Ambitious,2030,CN,10.000000000000009,2.4145897537850973
Water scarcity,S&P-Ambitious,2030,CN,20.000000000000007,4.829178210430871
Water scarcity,S&P-Ambitious,2030,CN,30.000000000000004,7.243766667076623
Water scarcity,S&P-Ambitious,2030,CN,40.0,9.658355123722396
Water scarcity,S&P-Ambitious,2030,CN,50.0,12.072943580368172
Water scarcity,S&P-Ambitious,2030,DE,-50.0,-0.5680112936689408
Water scarcity,S&P-Ambitious,2030,DE,-40.0,-0.4544087755072922
Water scarcity,S&P-Ambitious,2030,DE,-30.0,-0.3408062573456224
Water scarcity,S&P-Ambitious,2030,DE,-19.999999999999996,-0.22720373918397388
Water scarcity,S&P-Ambitious,2030,DE,-9.999999999999998,-0.1136012210223465
Water scarcity,S&P-Ambitious,2030,DE,0.0,1.2971393020761962e-06
Water scarcity,S&P-Ambitious,2030,DE,10.000000000000009,0.11360381530095064
Water scarcity,S&P-Ambitious,2030,DE,20.000000000000007,0.22720633346262042
Water scarcity,S&P-Ambitious,2030,DE,30.000000000000004,0.340808851624269
Water scarcity,S&P-Ambitious,2030,DE,40.0,0.45441136978591756
Water scarcity,S&P-Ambitious,2030,DE,50.0,0.5680138879475661
Water scarcity,S&P-Ambitious,2030,US,-50.0,-0.5129117357514604
Water scarcity,S&P-Ambitious,2030,US,-40.0,-0.410329129173308
Water scarcity,S&P-Ambitious,2030,US,-30.0,-0.30774652259515545
Water scarcity,S&P-Ambitious,2030,US,-19.999999999999996,-0.20516391601700293
Water scarcity,S&P-Ambitious,2030,US,-9.999999999999998,-0.10258130943885044
Water scarcity,S&P-Ambitious,2030,US,0.0,1.2971393020761962e-06
Water scarcity,S&P-Ambitious,2030,US,10.000000000000009,0.10258390371747578
Water scarcity,S&P-Ambitious,2030,US,20.000000000000007,0.2051665102956283
Water scarcity,S&P-Ambitious,2030,US,30.000000000000004,0.3077491168737808
Water scarcity,S&P-Ambitious,2030,US,40.0,0.4103317234519333
Water scarcity,S&P-Ambitious,2030,US,50.0,0.5129143300300858
Water scarcity,S&P-Ambitious,2035,AR,-50.0,-19.33955545403301
Water scarcity,S&P-Ambitious,2035,AR,-40.0,-15.471644147727828
Water scarcity,S&P-Ambitious,2035,AR,-30.0,-11.603732841422651
Water scarcity,S&P-Ambitious,2035,AR,-19.999999999999996,-7.735821535117478
Water scarcity,S&P-Ambitious,2035,AR,-9.999999999999998,-3.867910228812304
Water scarcity,S&P-Ambitious,2035,AR,0.0,1.0774928708041102e-06
Water scarcity,S&P-Ambitious,2035,AR,10.000000000000009,3.8679123837980454
Water scarcity,S&P-Ambitious,2035,AR,20.000000000000007,7.7358236901032384
Water scarcity,S&P-Ambitious,2035,AR,30.000000000000004,11.603734996408395
Water scarcity,S&P-Ambitious,2035,AR,40.0,15.471646302713587
Water scarcity,S&P-Ambitious,2035,AR,50.0,19.33955760901876
Water scarcity,S&P-Ambitious,2035,BO,-50.0,-8.2492999073888
Water scarcity,S&P-Ambitious,2035,BO,-40.0,-6.599439710412488
Water scarcity,S&P-Ambitious,2035,BO,-30.0,-4.949579513436139
Water scarcity,S&P-Ambitious,2035,BO,-19.999999999999996,-3.2997193164598086
Water scarcity,S&P-Ambitious,2035,BO,-9.999999999999998,-1.6498591194834593
Water scarcity,S&P-Ambitious,2035,BO,0.0,1.0774928708041102e-06
Water scarcity,S&P-Ambitious,2035,BO,10.000000000000009,1.6498612744692203
Water scarcity,S&P-Ambitious,2035,BO,20.000000000000007,3.2997214714455505
Water scarcity,S&P-Ambitious,2035,BO,30.000000000000004,4.949581668421881
Water scarcity,S&P-Ambitious,2035,BO,40.0,6.59944186539823
Water scarcity,S&P-Ambitious,2035,BO,50.0,8.249302062374559
Water scarcity,S&P-Ambitious,2035,CL,-50.0,-11.444501201087812
Water scarcity,S&P-Ambitious,2035,CL,-40.0,-9.155600745371675
Water scarcity,S&P-Ambitious,2035,CL,-30.0,-6.866700289655539
Water scarcity,S&P-Ambitious,2035,CL,-19.999999999999996,-4.577799833939402
Water scarcity,S&P-Ambitious,2035,CL,-9.999999999999998,-2.288899378223266
Water scarcity,S&P-Ambitious,2035,CL,0.0,1.0774928708041102e-06
Water scarcity,S&P-Ambitious,2035,CL,10.000000000000009,2.2889015332090072
Water scarcity,S&P-Ambitious,2035,CL,20.000000000000007,4.577801988925144
Water scarcity,S&P-Ambitious,2035,CL,30.000000000000004,6.8667024446413
Water scarcity,S&P-Ambitious,2035,CL,40.0,9.155602900357437
Water scarcity,S&P-Ambitious,2035,CL,50.0,11.444503356073552
Water scarcity,S&P-Ambitious,2035,CN,-50.0,-9.864730198609845
Water scarcity,S&P-Ambitious,2035,CN,-40.0,-7.891783943389305
Water scarcity,S&P-Ambitious,2035,CN,-30.0,-5.918837688168786
Water scarcity,S&P-Ambitious,2035,CN,-19.999999999999996,-3.9458914329482266
Water scarcity,S&P-Ambitious,2035,CN,-9.999999999999998,-1.9729451777276685
Water scarcity,S&P-Ambitious,2035,CN,0.0,1.0774928708041102e-06
Water scarcity,S&P-Ambitious,2035,CN,10.000000000000009,1.9729473327134293
Water scarcity,S&P-Ambitious,2035,CN,20.000000000000007,3.9458935879339685
Water scarcity,S&P-Ambitious,2035,CN,30.000000000000004,5.918839843154527
Water scarcity,S&P-Ambitious,2035,CN,40.0,7.891786098375066
Water scarcity,S&P-Ambitious,2035,CN,50.0,9.864732353595604
Water scarcity,S&P-Ambitious,2035,DE,-50.0,-0.5253515447677543
Water scarcity,S&P-Ambitious,2035,DE,-40.0,-0.4202810203156407
Water scarcity,S&P-Ambitious,2035,DE,-30.0,-0.315210495863508
Water scarcity,S&P-Ambitious,2035,DE,-19.999999999999996,-0.21013997141137536
Water scarcity,S&P-Ambitious,2035,DE,-9.999999999999998,-0.10506944695924268
Water scarcity,S&P-Ambitious,2035,DE,0.0,1.0774928708041102e-06
Water scarcity,S&P-Ambitious,2035,DE,10.000000000000009,0.10507160194502267
Water scarcity,S&P-Ambitious,2035,DE,20.000000000000007,0.21014212639715535
Water scarcity,S&P-Ambitious,2035,DE,30.000000000000004,0.31521265084928807
Water scarcity,S&P-Ambitious,2035,DE,40.0,0.42028317530142073
Water scarcity,S&P-Ambitious,2035,DE,50.0,0.5253536997535342
Water scarcity,S&P-Ambitious,2035,US,-50.0,-0.5765557679018646
Water scarcity,S&P-Ambitious,2035,US,-40.0,-0.46124439882293283
Water scarcity,S&P-Ambitious,2035,US,-30.0,-0.34593302974398193
Water scarcity,S&P-Ambitious,2035,US,-19.999999999999996,-0.2306216606650118
Water scarcity,S&P-Ambitious,2035,US,-9.999999999999998,-0.11531029158606092
Water scarcity,S&P-Ambitious,2035,US,0.0,1.0774928708041102e-06
Water scarcity,S&P-Ambitious,2035,US,10.000000000000009,0.11531244657184091
Water scarcity,S&P-Ambitious,2035,US,20.000000000000007,0.23062381565079182
Water scarcity,S&P-Ambitious,2035,US,30.000000000000004,0.3459351847297427
Water scarcity,S&P-Ambitious,2035,US,40.0,0.4612465538087128
Water scarcity,S&P-Ambitious,2035,US,50.0,0.5765579228876445
Water scarcity,S&P-Very Ambitious,2020,AR,-50.0,-9.807849783170004
Water scarcity,S&P-Very Ambitious,2020,AR,-40.0,-7.846279418414745
Water scarcity,S&P-Very Ambitious,2020,AR,-30.0,-5.8847090536594715
Water scarcity,S&P-Very Ambitious,2020,AR,-19.999999999999996,-3.9231386889042126
Water scarcity,S&P-Very Ambitious,2020,AR,-9.999999999999998,-1.96156832414894
Water scarcity,S&P-Very Ambitious,2020,AR,0.0,2.040606319437095e-06
Water scarcity,S&P-Very Ambitious,2020,AR,10.000000000000009,1.9615724053615917
Water scarcity,S&P-Very Ambitious,2020,AR,20.000000000000007,3.923142770116877
Water scarcity,S&P-Very Ambitious,2020,AR,30.000000000000004,5.884713134872111
Water scarcity,S&P-Very Ambitious,2020,AR,40.0,7.846283499627384
Water scarcity,S&P-Very Ambitious,2020,AR,50.0,9.807853864382668
Water scarcity,S&P-Very Ambitious,2020,CL,-50.0,-27.816359448829335
Water scarcity,S&P-Very Ambitious,2020,CL,-40.0,-22.25308715094221
Water scarcity,S&P-Very Ambitious,2020,CL,-30.0,-16.68981485305508
Water scarcity,S&P-Very Ambitious,2020,CL,-19.999999999999996,-11.126542555167939
Water scarcity,S&P-Very Ambitious,2020,CL,-9.999999999999998,-5.563270257280823
Water scarcity,S&P-Very Ambitious,2020,CL,0.0,2.040606319437095e-06
Water scarcity,S&P-Very Ambitious,2020,CL,10.000000000000009,5.563274338493474
Water scarcity,S&P-Very Ambitious,2020,CL,20.000000000000007,11.126546636380603
Water scarcity,S&P-Very Ambitious,2020,CL,30.000000000000004,16.689818934267706
Water scarcity,S&P-Very Ambitious,2020,CL,40.0,22.253091232154848
Water scarcity,S&P-Very Ambitious,2020,CL,50.0,27.816363530041993
Water scarcity,S&P-Very Ambitious,2020,CN,-50.0,-10.701707536581168
Water scarcity,S&P-Very Ambitious,2020,CN,-40.0,-8.561365621143665
Water scarcity,S&P-Very Ambitious,2020,CN,-30.0,-6.421023705706174
Water scarcity,S&P-Very Ambitious,2020,CN,-19.999999999999996,-4.280681790268673
Water scarcity,S&P-Very Ambitious,2020,CN,-9.999999999999998,-2.14033987483117
Water scarcity,S&P-Very Ambitious,2020,CN,0.0,2.040606319437095e-06
Water scarcity,S&P-Very Ambitious,2020,CN,10.000000000000009,2.140343956043822
Water scarcity,S&P-Very Ambitious,2020,CN,20.000000000000007,4.280685871481337
Water scarcity,S&P-Very Ambitious,2020,CN,30.000000000000004,6.421027786918813
Water scarcity,S&P-Very Ambitious,2020,CN,40.0,8.561369702356329
Water scarcity,S&P-Very Ambitious,2020,CN,50.0,10.701711617793832
Water scarcity,S&P-Very Ambitious,2020,US,-50.0,-1.674076089297353
Water scarcity,S&P-Very Ambitious,2020,US,-40.0,-1.339260463316608
Water scarcity,S&P-Very Ambitious,2020,US,-30.0,-1.0044448373358763
Water scarcity,S&P-Very Ambitious,2020,US,-19.999999999999996,-0.6696292113551315
Water scarcity,S&P-Very Ambitious,2020,US,-9.999999999999998,-0.33481358537441247
Water scarcity,S&P-Very Ambitious,2020,US,0.0,2.040606319437095e-06
Water scarcity,S&P-Very Ambitious,2020,US,10.000000000000009,0.3348176665870642
Water scarcity,S&P-Very Ambitious,2020,US,20.000000000000007,0.6696332925677833
Water scarcity,S&P-Very Ambitious,2020,US,30.000000000000004,1.0044489185485153
Water scarcity,S&P-Very Ambitious,2020,US,40.0,1.33926454452926
Water scarcity,S&P-Very Ambitious,2020,US,50.0,1.674080170509979
Water scarcity,S&P-Very Ambitious,2025,AR,-50.0,-12.84402059673819
Water scarcity,S&P-Very Ambitious,2025,AR,-40.0,-10.275216371825424
Water scarcity,S&P-Very Ambitious,2025,AR,-30.0,-7.706412146912671
Water scarcity,S&P-Very Ambitious,2025,AR,-19.999999999999996,-5.137607921999895
Water scarcity,S&P-Very Ambitious,2025,AR,-9.999999999999998,-2.5688036970871417
Water scarcity,S&P-Very Ambitious,2025,AR,0.0,5.278256228016036e-07
Water scarcity,S&P-Very Ambitious,2025,AR,10.000000000000009,2.5688047527383873
Water scarcity,S&P-Very Ambitious,2025,AR,20.000000000000007,5.137608977651152
Water scarcity,S&P-Very Ambitious,2025,AR,30.000000000000004,7.706413202563894
Water scarcity,S&P-Very Ambitious,2025,AR,40.0,10.275217427476658
Water scarcity,S&P-Very Ambitious,2025,AR,50.0,12.844021652389422
Water scarcity,S&P-Very Ambitious,2025,BO,-50.0,-1.5689811508416398
Water scarcity,S&P-Very Ambitious,2025,BO,-40.0,-1.2551848151081826
Water scarcity,S&P-Very Ambitious,2025,BO,-30.0,-0.9413884793747256
Water scarcity,S&P-Very Ambitious,2025,BO,-19.999999999999996,-0.6275921436412799
Water scarcity,S&P-Very Ambitious,2025,BO,-9.999999999999998,-0.31379580790782285
Water scarcity,S&P-Very Ambitious,2025,BO,0.0,5.278256228016036e-07
Water scarcity,S&P-Very Ambitious,2025,BO,10.000000000000009,0.3137968635590799
Water scarcity,S&P-Very Ambitious,2025,BO,20.000000000000007,0.6275931992925255
Water scarcity,S&P-Very Ambitious,2025,BO,30.000000000000004,0.9413895350259827
Water scarcity,S&P-Very Ambitious,2025,BO,40.0,1.2551858707594283
Water scarcity,S&P-Very Ambitious,2025,BO,50.0,1.5689822064928853
Water scarcity,S&P-Very Ambitious,2025,CL,-50.0,-17.422782705991654
Water scarcity,S&P-Very Ambitious,2025,CL,-40.0,-13.938226059228196
Water scarcity,S&P-Very Ambitious,2025,CL,-30.0,-10.45366941246474
Water scarcity,S&P-Very Ambitious,2025,CL,-19.999999999999996,-6.969112765701293
Water scarcity,S&P-Very Ambitious,2025,CL,-9.999999999999998,-3.484556118937823
Water scarcity,S&P-Very Ambitious,2025,CL,0.0,5.278256228016036e-07
Water scarcity,S&P-Very Ambitious,2025,CL,10.000000000000009,3.4845571745890918
Water scarcity,S&P-Very Ambitious,2025,CL,20.000000000000007,6.969113821352538
Water scarcity,S&P-Very Ambitious,2025,CL,30.000000000000004,10.453670468116007
Water scarcity,S&P-Very Ambitious,2025,CL,40.0,13.938227114879453
Water scarcity,S&P-Very Ambitious,2025,CL,50.0,17.422783761642897
Water scarcity,S&P-Very Ambitious,2025,CN,-50.0,-17.402472480350824
Water scarcity,S&P-Very Ambitious,2025,CN,-40.0,-13.921977878715541
Water scarcity,S&P-Very Ambitious,2025,CN,-30.0,-10.441483277080255
Water scarcity,S&P-Very Ambitious,2025,CN,-19.999999999999996,-6.96098867544496
Water scarcity,S&P-Very Ambitious,2025,CN,-9.999999999999998,-3.4804940738096626
Water scarcity,S&P-Very Ambitious,2025,CN,0.0,5.278256228016036e-07
Water scarcity,S&P-Very Ambitious,2025,CN,10.000000000000009,3.480495129460908
Water scarcity,S&P-Very Ambitious,2025,CN,20.000000000000007,6.960989731096193
Water scarcity,S&P-Very Ambitious,2025,CN,30.000000000000004,10.441484332731502
Water scarcity,S&P-Very Ambitious,2025,CN,40.0,13.921978934366763
Water scarcity,S&P-Very Ambitious,2025,CN,50.0,17.402473536002073
Water scarcity,S&P-Very Ambitious,2025,US,-50.0,-0.761740690862389
Water scarcity,S&P-Very Ambitious,2025,US,-40.0,-0.6093924471247912
Water scarcity,S&P-Very Ambitious,2025,US,-30.0,-0.4570442033871935
Water scarcity,S&P-Very Ambitious,2025,US,-19.999999999999996,-0.30469595964959567
Water scarcity,S&P-Very Ambitious,2025,US,-9.999999999999998,-0.152347715911975
Water scarcity,S&P-Very Ambitious,2025,US,0.0,5.278256228016036e-07
Water scarcity,S&P-Very Ambitious,2025,US,10.000000000000009,0.1523487715632206
Water scarcity,S&P-Very Ambitious,2025,US,20.000000000000007,0.3046970153008298
Water scarcity,S&P-Very Ambitious,2025,US,30.000000000000004,0.45704525903842763
Water scarcity,S&P-Very Ambitious,2025,US,40.0,0.6093935027760254
Water scarcity,S&P-Very Ambitious,2025,US,50.0,0.7617417465136461
Water scarcity,S&P-Very Ambitious,2030,AR,-50.0,-25.012414058456113
Water scarcity,S&P-Very Ambitious,2030,AR,-40.0,-20.0099317717655
Water scarcity,S&P-Very Ambitious,2030,AR,-30.0,-15.007449485074895
Water scarcity,S&P-Very Ambitious,2030,AR,-19.999999999999996,-10.004967198384305
Water scarcity,S&P-Very Ambitious,2030,AR,-9.999999999999998,-5.002484911693698
Water scarcity,S&P-Very Ambitious,2030,AR,0.0,-2.625003090988037e-06
Water scarcity,S&P-Very Ambitious,2030,AR,10.000000000000009,5.002479661687498
Water scarcity,S&P-Very Ambitious,2030,AR,20.000000000000007,10.004961948378105
Water scarcity,S&P-Very Ambitious,2030,AR,30.000000000000004,15.007444235068713
Water scarcity,S&P-Very Ambitious,2030,AR,40.0,20.0099265217593
Water scarcity,S&P-Very Ambitious,2030,AR,50.0,25.01240880844991
Water scarcity,S&P-Very Ambitious,2030,BO,-50.0,-3.7157332319671834
Water scarcity,S&P-Very Ambitious,2030,BO,-40.0,-2.9725871105743535
Water scarcity,S&P-Very Ambitious,2030,BO,-30.0,-2.2294409891815428
Water scarcity,S&P-Very Ambitious,2030,BO,-19.999999999999996,-1.4862948677887318
Water scarcity,S&P-Very Ambitious,2030,BO,-9.999999999999998,-0.7431487463959209
Water scarcity,S&P-Very Ambitious,2030,BO,0.0,-2.625003090988037e-06
Water scarcity,S&P-Very Ambitious,2030,BO,10.000000000000009,0.74314349638972
Water scarcity,S&P-Very Ambitious,2030,BO,20.000000000000007,1.486289617782512
Water scarcity,S&P-Very Ambitious,2030,BO,30.000000000000004,2.229435739175323
Water scarcity,S&P-Very Ambitious,2030,BO,40.0,2.9725818605681527
Water scarcity,S&P-Very Ambitious,2030,BO,50.0,3.715727981960964
Water scarcity,S&P-Very Ambitious,2030,CL,-50.0,-11.686999676656527
Water scarcity,S&P-Very Ambitious,2030,CL,-40.0,-9.349600266325844
Water scarcity,S&P-Very Ambitious,2030,CL,-30.0,-7.01220085599516
Water scarcity,S&P-Very Ambitious,2030,CL,-19.999999999999996,-4.674801445664458
Water scarcity,S&P-Very Ambitious,2030,CL,-9.999999999999998,-2.337402035333793
Water scarcity,S&P-Very Ambitious,2030,CL,0.0,-2.625003090988037e-06
Water scarcity,S&P-Very Ambitious,2030,CL,10.000000000000009,2.3373967853275923
Water scarcity,S&P-Very Ambitious,2030,CL,20.000000000000007,4.674796195658256
Water scarcity,S&P-Very Ambitious,2030,CL,30.000000000000004,7.01219560598896
Water scarcity,S&P-Very Ambitious,2030,CL,40.0,9.349595016319622
Water scarcity,S&P-Very Ambitious,2030,CL,50.0,11.686994426650326
Water scarcity,S&P-Very Ambitious,2030,CN,-50.0,-8.797221626019802
Water scarcity,S&P-Very Ambitious,2030,CN,-40.0,-7.037777825816452
Water scarcity,S&P-Very Ambitious,2030,CN,-30.0,-5.2783340256131215
Water scarcity,S&P-Very Ambitious,2030,CN,-19.999999999999996,-3.5188902254097716
Water scarcity,S&P-Very Ambitious,2030,CN,-9.999999999999998,-1.7594464252064408
Water scarcity,S&P-Very Ambitious,2030,CN,0.0,-2.625003090988037e-06
Water scarcity,S&P-Very Ambitious,2030,CN,10.000000000000009,1.759441175200259
Water scarcity,S&P-Very Ambitious,2030,CN,20.000000000000007,3.51888497540359
Water scarcity,S&P-Very Ambitious,2030,CN,30.000000000000004,5.27832877560692
Water scarcity,S&P-Very Ambitious,2030,CN,40.0,7.037772575810251
Water scarcity,S&P-Very Ambitious,2030,CN,50.0,8.797216376013601
Water scarcity,S&P-Very Ambitious,2030,DE,-50.0,-0.41389768380229175
Water scarcity,S&P-Very Ambitious,2030,DE,-40.0,-0.33111867204243645
Water scarcity,S&P-Very Ambitious,2030,DE,-30.0,-0.248339660282619
Water scarcity,S&P-Very Ambitious,2030,DE,-19.999999999999996,-0.16556064852276373
Water scarcity,S&P-Very Ambitious,2030,DE,-9.999999999999998,-0.0827816367629463
Water scarcity,S&P-Very Ambitious,2030,DE,0.0,-2.625003090988037e-06
Water scarcity,S&P-Very Ambitious,2030,DE,10.000000000000009,0.08277638675672642
Water scarcity,S&P-Very Ambitious,2030,DE,20.000000000000007,0.16555539851658174
Water scarcity,S&P-Very Ambitious,2030,DE,30.000000000000004,0.24833441027639916
Water scarcity,S&P-Very Ambitious,2030,DE,40.0,0.33111342203625443
Water scarcity,S&P-Very Ambitious,2030,DE,50.0,0.4138924337960719
Water scarcity,S&P-Very Ambitious,2030,US,-50.0,-0.37374816061515315
Water scarcity,S&P-Very Ambitious,2030,US,-40.0,-0.2989990534927407
Water scarcity,S&P-Very Ambitious,2030,US,-30.0,-0.22424994637032825
Water scarcity,S&P-Very Ambitious,2030,US,-19.999999999999996,-0.14950083924791585
Water scarcity,S&P-Very Ambitious,2030,US,-9.999999999999998,-0.07475173212550341
Water scarcity,S&P-Very Ambitious,2030,US,0.0,-2.625003090988037e-06
Water scarcity,S&P-Very Ambitious,2030,US,10.000000000000009,0.07474648211932144
Water scarcity,S&P-Very Ambitious,2030,US,20.000000000000007,0.14949558924173387
Water scarcity,S&P-Very Ambitious,2030,US,30.000000000000004,0.2242446963641463
Water scarcity,S&P-Very Ambitious,2030,US,40.0,0.2989938034865587
Water scarcity,S&P-Very Ambitious,2030,US,50.0,0.37374291060899006
Water scarcity,S&P-Very Ambitious,2035,AR,-50.0,-27.41838577852177
Water scarcity,S&P-Very Ambitious,2035,AR,-40.0,-21.93470835000832
Water scarcity,S&P-Very Ambitious,2035,AR,-30.0,-16.451030921494876
Water scarcity,S&P-Very Ambitious,2035,AR,-19.999999999999996,-10.967353492981434
Water scarcity,S&P-Very Ambitious,2035,AR,-9.999999999999998,-5.48367606446799
Water scarcity,S&P-Very Ambitious,2035,AR,0.0,1.364045454310761e-06
Water scarcity,S&P-Very Ambitious,2035,AR,10.000000000000009,5.483678792558899
Water scarcity,S&P-Very Ambitious,2035,AR,20.000000000000007,10.96735622107236
Water scarcity,S&P-Very Ambitious,2035,AR,30.000000000000004,16.451033649585785
Water scarcity,S&P-Very Ambitious,2035,AR,40.0,21.93471107809923
Water scarcity,S&P-Very Ambitious,2035,AR,50.0,27.41838850661268
Water scarcity,S&P-Very Ambitious,2035,BO,-50.0,-5.7582722533253605
Water scarcity,S&P-Very Ambitious,2035,BO,-40.0,-4.606617529851205
Water scarcity,S&P-Very Ambitious,2035,BO,-30.0,-3.454962806377048
Water scarcity,S&P-Very Ambitious,2035,BO,-19.999999999999996,-2.303308082902875
Water scarcity,S&P-Very Ambitious,2035,BO,-9.999999999999998,-1.151653359428702
Water scarcity,S&P-Very Ambitious,2035,BO,0.0,1.364045454310761e-06
Water scarcity,S&P-Very Ambitious,2035,BO,10.000000000000009,1.1516560875196271
Water scarcity,S&P-Very Ambitious,2035,BO,20.000000000000007,2.303310810993784
Water scarcity,S&P-Very Ambitious,2035,BO,30.000000000000004,3.454965534467956
Water scarcity,S&P-Very Ambitious,2035,BO,40.0,4.606620257942113
Water scarcity,S&P-Very Ambitious,2035,BO,50.0,5.758274981416269
Water scarcity,S&P-Very Ambitious,2035,CL,-50.0,-9.168275640644692
Water scarcity,S&P-Very Ambitious,2035,CL,-40.0,-7.334620239706657
Water scarcity,S&P-Very Ambitious,2035,CL,-30.0,-5.500964838768637
Water scarcity,S&P-Very Ambitious,2035,CL,-19.999999999999996,-3.6673094378306015
Water scarcity,S&P-Very Ambitious,2035,CL,-9.999999999999998,-1.833654036892582
Water scarcity,S&P-Very Ambitious,2035,CL,0.0,1.364045454310761e-06
Water scarcity,S&P-Very Ambitious,2035,CL,10.000000000000009,1.8336567649834736
Water scarcity,S&P-Very Ambitious,2035,CL,20.000000000000007,3.6673121659215093
Water scarcity,S&P-Very Ambitious,2035,CL,30.000000000000004,5.500967566859529
Water scarcity,S&P-Very Ambitious,2035,CL,40.0,7.334622967797549
Water scarcity,S&P-Very Ambitious,2035,CL,50.0,9.168278368735585
Water scarcity,S&P-Very Ambitious,2035,CN,-50.0,-6.885893810778877
Water scarcity,S&P-Very Ambitious,2035,CN,-40.0,-5.508714775814014
Water scarcity,S&P-Very Ambitious,2035,CN,-30.0,-4.131535740849134
Water scarcity,S&P-Very Ambitious,2035,CN,-19.999999999999996,-2.7543567058842715
Water scarcity,S&P-Very Ambitious,2035,CN,-9.999999999999998,-1.3771776709194086
Water scarcity,S&P-Very Ambitious,2035,CN,0.0,1.364045454310761e-06
Water scarcity,S&P-Very Ambitious,2035,CN,10.000000000000009,1.3771803990103173
Water scarcity,S&P-Very Ambitious,2035,CN,20.000000000000007,2.754359433975164
Water scarcity,S&P-Very Ambitious,2035,CN,30.000000000000004,4.131538468940027
Water scarcity,S&P-Very Ambitious,2035,CN,40.0,5.50871750390489
Water scarcity,S&P-Very Ambitious,2035,CN,50.0,6.885896538869769
Water scarcity,S&P-Very Ambitious,2035,DE,-50.0,-0.36671142169782805
Water scarcity,S&P-Very Ambitious,2035,DE,-40.0,-0.2933688645491716
Water scarcity,S&P-Very Ambitious,2035,DE,-30.0,-0.2200263074005151
Water scarcity,S&P-Very Ambitious,2035,DE,-19.999999999999996,-0.14668375025185865
Water scarcity,S&P-Very Ambitious,2035,DE,-9.999999999999998,-0.07334119310320217
Water scarcity,S&P-Very Ambitious,2035,DE,0.0,1.364045454310761e-06
Water scarcity,S&P-Very Ambitious,2035,DE,10.000000000000009,0.07334392119411079
Water scarcity,S&P-Very Ambitious,2035,DE,20.000000000000007,0.14668647834276727
Water scarcity,S&P-Very Ambitious,2035,DE,30.000000000000004,0.22002903549142375
Water scarcity,S&P-Very Ambitious,2035,DE,40.0,0.29337159264008017
Water scarcity,S&P-Very Ambitious,2035,DE,50.0,0.3667141497887367
Water scarcity,S&P-Very Ambitious,2035,US,-50.0,-0.4024535927814998
Water scarcity,S&P-Very Ambitious,2035,US,-40.0,-0.32196260141609234
Water scarcity,S&P-Very Ambitious,2035,US,-30.0,-0.24147161005071816
Water scarcity,S&P-Very Ambitious,2035,US,-19.999999999999996,-0.16098061868532734
Water scarcity,S&P-Very Ambitious,2035,US,-9.999999999999998,-0.08048962731995316
Water scarcity,S&P-Very Ambitious,2035,US,0.0,1.364045454310761e-06
Water scarcity,S&P-Very Ambitious,2035,US,10.000000000000009,0.08049235541084514
Water scarcity,S&P-Very Ambitious,2035,US,20.000000000000007,0.1609833467762193
Water scarcity,S&P-Very Ambitious,2035,US,30.000000000000004,0.24147433814161015
Water scarcity,S&P-Very Ambitious,2035,US,40.0,0.32196532950700096
Water scarcity,S&P-Very Ambitious,2035,US,50.0,0.40245632087239175
